https://github.com/stamatak/raxml-light-1.0.5 com,github)/stamatak/raxml-light-1.0.5 201208 oa_pdf/25/de/bts309.PMC3400957.pdf class_pmc GitHub
https://github.com/elofgren/zombies com,github)/elofgren/zombies 201603 oa_pdf/0e/c8/jmbe-17-137.PMC4798798.pdf class_pmc GitHub
https://github.com/cband/mojo com,github)/cband/mojo 201603 oa_pdf/1c/d9/KasaianMCS000729.PMC4849853.pdf class_pmc GitHub
https://github.com/fernandolab/ com,github)/fernandolab 201603 oa_pdf/51/cf/JAM-120-588.PMC4785609.pdf class_pmc GitHub
https://github.com/wenjiegroup/dnn-hmm com,github)/wenjiegroup/dnn-hmm 201603 oa_pdf/53/c4/btv643.PMC4795613.pdf class_pmc GitHub
https://github.com/rstudio/ com,github)/rstudio 201603 oa_pdf/5b/1d/bmjopen-2015-010579.PMC4809078.pdf class_pmc GitHub
https://github.com/genome/bam-readcount com,github)/genome/bam-readcount 201603 oa_pdf/7f/9e/evw054.PMC4898790.pdf class_pmc GitHub
https://github.com/tidepool-org/ com,github)/tidepool-org 201603 oa_pdf/90/4d/ocv104.PMC4784555.pdf class_pmc GitHub
https://github.com/tatumdmortimer/core- com,github)/tatumdmortimer/core- 201603 oa_pdf/a1/32/evw016.PMC4824170.pdf class_pmc GitHub
https://github.com/ecg-lab/hgtector com,github)/ecg-lab/hgtector 201603 oa_pdf/a1/32/evw016.PMC4824170.pdf class_pmc GitHub
https://github.com/apetkau/orthomcl- com,github)/apetkau/orthomcl- 201603 oa_pdf/a1/32/evw016.PMC4824170.pdf class_pmc GitHub
https://github.com/ecg-lab/hgtector com,github)/ecg-lab/hgtector 201603 oa_pdf/a1/32/evw016.PMC4824170.pdf class_pmc GitHub
https://github.com/lh3/ com,github)/lh3 201603 oa_pdf/a1/32/evw016.PMC4824170.pdf class_pmc GitHub
https://github.com/lh3/psmc com,github)/lh3/psmc 201603 oa_pdf/a5/4b/MEC-25-1058.PMC4793928.pdf class_pmc GitHub
https://github.com/sequencing/ com,github)/sequencing 201603 oa_pdf/c9/e7/tre-06-363-7522-1.PMC4811020.pdf class_pmc GitHub
https://github.com/sequencing/isaac_variant_caller com,github)/sequencing/isaac_variant_caller 201603 oa_pdf/c9/e7/tre-06-363-7522-1.PMC4811020.pdf class_pmc GitHub
https://github.com/mpgerstl/networkrobustnesstoolbox com,github)/mpgerstl/networkrobustnesstoolbox 201603 oa_pdf/ca/cf/btv649.PMC4795620.pdf class_pmc GitHub
https://github.com/dgrtwo/ com,github)/dgrtwo 201212 oa_pdf/c6/96/gks778.PMC3526298.pdf class_pmc GitHub
https://github.com/josephryan/ com,github)/josephryan 201707 oa_pdf/75/a0/1263.PMC5495077.pdf class_pmc GitHub
https://github.com/josephryan/leapfrog com,github)/josephryan/leapfrog 201707 oa_pdf/75/a0/1263.PMC5495077.pdf class_pmc GitHub
https://github.com/gui11aume/hmmt com,github)/gui11aume/hmmt 201707 oa_pdf/7d/62/1153.PMC5495067.pdf class_pmc GitHub
https://github.com/foxyiris/phylofates com,github)/foxyiris/phylofates 201707 oa_pdf/cd/86/msx096.PMC5455965.pdf class_pmc GitHub
https://github.com/vityay/1-2-3-sv com,github)/vityay/1-2-3-sv 201402 oa_pdf/50/87/200.PMC3912411.pdf class_pmc GitHub
https://github.com/hallamlab/utilities com,github)/hallamlab/utilities 201402 oa_pdf/93/01/ismej2013152a.PMC3906813.pdf class_pmc GitHub
https://github.com/gjospin/phylosift com,github)/gjospin/phylosift 201402 oa_pdf/e0/24/mBio.01064-13.PMC3940035.pdf class_pmc GitHub
https://github.com/nh13/ com,github)/nh13 201402 oa_pdf/ed/aa/main.PMC4411374.pdf class_pmc GitHub
https://github.com/nno/burstidator com,github)/nno/burstidator 201510 oa_pdf/01/7d/pyv111.PMC4815476.pdf class_pmc GitHub
https://github.com/adamewing/ com,github)/adamewing 201510 oa_pdf/45/6f/1536.PMC4579339.pdf class_pmc GitHub
https://github.com/anvc/scalar/graphs/ com,github)/anvc/scalar/graphs 201510 oa_pdf/8a/b5/yisr-40-376.PMC4917914.pdf class_pmc GitHub
https://github.com/researchkit/ com,github)/researchkit 201510 oa_pdf/99/e1/lsv044.PMC5034389.pdf class_pmc GitHub
https://github.com/marcottelab/htseq-toolbox/wiki/proktnseq com,github)/marcottelab/htseq-toolbox/wiki/proktnseq 201510 oa_pdf/9b/7b/mBio.01603-15.PMC4626858.pdf class_pmc GitHub
https://github.com/marcottelab/htseq-toolbox/ com,github)/marcottelab/htseq-toolbox 201510 oa_pdf/9b/7b/mBio.01603-15.PMC4626858.pdf class_pmc GitHub
https://github.com/jstjohn/seqprep com,github)/jstjohn/seqprep 201510 oa_pdf/a2/5e/msv169.PMC4576713.pdf class_pmc GitHub
https://github.com/gww/ com,github)/gww 201510 oa_pdf/b7/3c/gkv594.PMC4605292.pdf class_pmc GitHub
https://github.com/molpopgen/analysis com,github)/molpopgen/analysis 201510 oa_pdf/d6/87/evv207.PMC4994752.pdf class_pmc GitHub
https://github.com/a-slide/contavect/tree/v0.2 com,github)/a-slide/contavect/tree/v0.2 201510 oa_pdf/de/bd/mtna201532a.PMC4881760.pdf class_pmc GitHub
https://github.com/a-slide/fastq_control_sampler com,github)/a-slide/fastq_control_sampler 201510 oa_pdf/de/bd/mtna201532a.PMC4881760.pdf class_pmc GitHub
https://github.com/tgennorth/ com,github)/tgennorth 201510 oa_pdf/fe/06/main.PMC4740342.pdf class_pmc GitHub
https://github.com/nno/burstidator com,github)/nno/burstidator 201506 oa_pdf/01/7e/bjc2015167a.PMC4647547.pdf class_pmc GitHub
https://github.com/hilldr/ com,github)/hilldr 201506 oa_pdf/1c/20/main.PMC4471827.pdf class_pmc GitHub
https://github.com/nmrexchangeformat/nef/ com,github)/nmrexchangeformat/nef 201506 oa_pdf/42/b0/nihms716083.PMC4546829.pdf class_pmc GitHub
http://github.com/genome/sciclone com,github)/genome/sciclone 201506 oa_pdf/4f/2f/dmj-39-247.PMC4483610.pdf class_pmc GitHub
https://github.com/madsalbertsen/ com,github)/madsalbertsen 201506 oa_pdf/5f/c5/mBio.00391-15.PMC4453008.pdf class_pmc GitHub
https://github.com/cornish/hpasubc com,github)/cornish/hpasubc 201506 oa_pdf/6e/79/JPI-6-36.PMC4485190.pdf class_pmc GitHub
https://github.com/dpark27/adapt_mix.contact: com,github)/dpark27/adapt_mix.contact: 201506 oa_pdf/7f/6c/btv230.PMC4553832.pdf class_pmc GitHub
https://github.com/lh3/wgsim com,github)/lh3/wgsim 201506 oa_pdf/80/92/btv226.PMC4765875.pdf class_pmc GitHub
https://github.com/kzarns/chip-seq/tree/master/tools com,github)/kzarns/chip-seq/tree/master/tools 201506 oa_pdf/8f/f9/main.PMC4516138.pdf class_pmc GitHub
https://github.com/alexandrovteam/ims_quality com,github)/alexandrovteam/ims_quality 201506 oa_pdf/98/72/btv266.PMC4765867.pdf class_pmc GitHub
https://github.com/friz com,github)/friz 201506 oa_pdf/98/a8/btv251.PMC4765860.pdf class_pmc GitHub
https://github.com/qfma/duf1220 com,github)/qfma/duf1220 201506 oa_pdf/9a/c0/evv122.PMC4558844.pdf class_pmc GitHub
https://github.com/wangshenguiuc/clusdca com,github)/wangshenguiuc/clusdca 201506 oa_pdf/a7/eb/btv260.PMC4542782.pdf class_pmc GitHub
https://github.com/lsgh/ismb15 com,github)/lsgh/ismb15 201506 oa_pdf/a8/4a/btv241.PMC4765857.pdf class_pmc GitHub
https://github.com/taoliu/macs com,github)/taoliu/macs 201506 oa_pdf/a8/4f/main.PMC4584025.pdf class_pmc GitHub
https://github.com/najoshi/sickle com,github)/najoshi/sickle 201506 oa_pdf/b8/53/apps.1500028.PMC4504724.pdf class_pmc GitHub
https://github.com/smir- com,github)/smir- 201506 oa_pdf/cc/50/btv234.PMC4765870.pdf class_pmc GitHub
https://github.com/adamallo/simphy com,github)/adamallo/simphy 201506 oa_pdf/cc/50/btv234.PMC4765870.pdf class_pmc GitHub
https://github.com/marinkaz/fusenet com,github)/marinkaz/fusenet 201506 oa_pdf/d4/57/btv258.PMC4542780.pdf class_pmc GitHub
http://github.com/gui11aume/ com,github)/gui11aume 201506 oa_pdf/db/6b/btv053.PMC4765884.pdf class_pmc GitHub
http://github.com/gui11aume/starcode/tree/master/misc com,github)/gui11aume/starcode/tree/master/misc 201506 oa_pdf/db/6b/btv053.PMC4765884.pdf class_pmc GitHub
https://github.com/ravellab/guineapigvmb com,github)/ravellab/guineapigvmb 201506 oa_pdf/db/f6/ftv019.PMC4445005.pdf class_pmc GitHub
https://github.com/biobanking/ com,github)/biobanking 201506 oa_pdf/f2/d8/JPI-6-37.PMC4485195.pdf class_pmc GitHub
https://github.com/bioxfu/circrnafinder/blob/master/src/find_ com,github)/bioxfu/circrnafinder/blob/master/src/find_ 201507 oa_pdf/11/64/WRNA-6-563.PMC5042038.pdf class_pmc GitHub
https://github.com/mlafave/sam2pairwise com,github)/mlafave/sam2pairwise 201507 oa_pdf/1a/2d/1030.PMC4484386.pdf class_pmc GitHub
https://github.com/oabalbin/onconat com,github)/oabalbin/onconat 201507 oa_pdf/67/aa/1068.PMC4484389.pdf class_pmc GitHub
https://github.com/oabalbin/ com,github)/oabalbin 201507 oa_pdf/67/aa/1068.PMC4484389.pdf class_pmc GitHub
https://github.com/taoliu/macs/ com,github)/taoliu/macs 201507 oa_pdf/6c/59/main.PMC4664660.pdf class_pmc GitHub
https://github.com/adamewing/bamsurgeon/ com,github)/adamewing/bamsurgeon 201507 oa_pdf/86/ff/nihms781059.PMC4856034.pdf class_pmc GitHub
https://github.com/lh3/wgsim/ com,github)/lh3/wgsim 201507 oa_pdf/86/ff/nihms781059.PMC4856034.pdf class_pmc GitHub
https://github.com/mattmattmattmatt/vasp com,github)/mattmattmattmatt/vasp 201507 oa_pdf/9c/ea/btv135.PMC4495293.pdf class_pmc GitHub
https://github.com/angelesdecara com,github)/angelesdecara 201507 oa_pdf/a0/57/970.PMC4484394.pdf class_pmc GitHub
https://github.com/taoliu/macs com,github)/taoliu/macs 201507 oa_pdf/c8/e3/embr0016-0863.PMC4515125.pdf class_pmc GitHub
https://github.com/stnava/ants com,github)/stnava/ants 201507 oa_pdf/f1/9c/main.PMC4543077.pdf class_pmc GitHub
https://github.com/phrh/ com,github)/phrh 201511 oa_pdf/07/e0/evv210.PMC4700943.pdf class_pmc GitHub
https://github.com/biocore/americangut/tree/ com,github)/biocore/americangut/tree 201511 oa_pdf/25/f7/main.PMC4739432.pdf class_pmc GitHub
https://github.com/ekg/vc com,github)/ekg/vc 201511 oa_pdf/3a/49/evv238.PMC4700965.pdf class_pmc GitHub
https://github.com/boscoh/pdbremix/ com,github)/boscoh/pdbremix 201511 oa_pdf/9a/f0/PROT-83-2100.PMC5054890.pdf class_pmc GitHub
https://github.com/klab-bioinfo-tools/glm-score/r com,github)/klab-bioinfo-tools/glm-score/r 201511 oa_pdf/9a/f0/PROT-83-2100.PMC5054890.pdf class_pmc GitHub
https://github.com/klab-bioinfo-tools/glm-score com,github)/klab-bioinfo-tools/glm-score 201511 oa_pdf/9a/f0/PROT-83-2100.PMC5054890.pdf class_pmc GitHub
https://github.com/henrikstranneheim/mip com,github)/henrikstranneheim/mip 201511 oa_pdf/a0/01/main.PMC4667130.pdf class_pmc GitHub
https://github.com/bbanbury/phrynomics-data com,github)/bbanbury/phrynomics-data 201511 oa_pdf/a5/ca/syv053.PMC4604835.pdf class_pmc GitHub
https://github.com/pomo-dev/pomo com,github)/pomo-dev/pomo 201511 oa_pdf/b7/18/syv048.PMC4604832.pdf class_pmc GitHub
https://github.com/edsgard/scphasercontact: com,github)/edsgard/scphasercontact: 201511 oa_pdf/b7/a7/evv232.PMC4700962.pdf class_pmc GitHub
https://github.com/broadinstitute/picard com,github)/broadinstitute/picard 201511 oa_pdf/c0/f9/1646.PMC4617961.pdf class_pmc GitHub
https://github.com/lb3/clip- com,github)/lb3/clip- 201511 oa_pdf/c4/8f/1943.PMC4604434.pdf class_pmc GitHub
https://github.com/lb3/clip-pyl com,github)/lb3/clip-pyl 201511 oa_pdf/c4/8f/1943.PMC4604434.pdf class_pmc GitHub
https://github.com/josephryan/sowhat/tree/ com,github)/josephryan/sowhat/tree 201511 oa_pdf/d6/d8/syv055.PMC4604836.pdf class_pmc GitHub
https://github.com/josephryan/sowhat com,github)/josephryan/sowhat 201511 oa_pdf/d6/d8/syv055.PMC4604836.pdf class_pmc GitHub
https://github.com/mit-lcp/mimic-code com,github)/mit-lcp/mimic-code 201511 oa_pdf/e7/66/ndt-11-2847.PMC4639547.pdf class_pmc GitHub
http://github.com/konradjk/loftee com,github)/konradjk/loftee 201511 oa_pdf/ee/98/tp-99-2401.PMC4623847.pdf class_pmc GitHub
http://github.com/arrayexpress/ae-interface/tree/master/components/efo-query-expand/ com,github)/arrayexpress/ae-interface/tree/master/components/efo-query-expand 201004 oa_pdf/1a/d9/btq099.PMC2853691.pdf class_pmc GitHub
http://github.com/cbmi/serrano com,github)/cbmi/serrano 201403 oa_pdf/08/cd/amiajnl-2013-001825.PMC3932456.pdf class_pmc GitHub
https://github.com/hmorn/vdw-macros com,github)/hmorn/vdw-macros 201403 oa_pdf/26/d0/egems1049.PMC4371424.pdf class_pmc GitHub
https://github.com/wavecnv com,github)/wavecnv 201403 oa_pdf/60/6e/btt611.PMC3957071.pdf class_pmc GitHub
https://github.com/nanocan/ com,github)/nanocan 201403 oa_pdf/b0/95/srep04278.PMC3940979.pdf class_pmc GitHub
https://github.com/yeolab/clipper com,github)/yeolab/clipper 201403 oa_pdf/cf/43/637.PMC3967051.pdf class_pmc GitHub
http://github.com/itmat/circadb com,github)/itmat/circadb 201301 oa_pdf/16/2a/gks1161.PMC3531170.pdf class_pmc GitHub
https://github.com/ensembl-variation/vep_plugins com,github)/ensembl-variation/vep_plugins 201301 oa_pdf/2f/8d/gks1236.PMC3531136.pdf class_pmc GitHub
http://github.com/adaptivegenome/repeatseq com,github)/adaptivegenome/repeatseq 201301 oa_pdf/3c/43/gks981.PMC3592458.pdf class_pmc GitHub
http://github.com/nh13/dwgsim com,github)/nh13/dwgsim 201301 oa_pdf/3c/43/gks981.PMC3592458.pdf class_pmc GitHub
https://github.com/bbcf/bbcfutils com,github)/bbcf/bbcfutils 201301 oa_pdf/55/aa/gks1260.PMC3553938.pdf class_pmc GitHub
https://github.com/cytoscape/cytoscape.js com,github)/cytoscape/cytoscape.js 201301 oa_pdf/57/d5/gks1055.PMC3531102.pdf class_pmc GitHub
http://github.com/egenomics/ com,github)/egenomics 201301 oa_pdf/93/2f/evt017.PMC3590775.pdf class_pmc GitHub
https://github.com/mattoates/d2p2.pro com,github)/mattoates/d2p2.pro 201301 oa_pdf/a9/a0/gks1226.PMC3531159.pdf class_pmc GitHub
https://github.com/aberer/roguenarok com,github)/aberer/roguenarok 201301 oa_pdf/c1/12/sys078.PMC3526802.pdf class_pmc GitHub
https://github.com/isa-tools com,github)/isa-tools 201301 oa_pdf/f2/02/gks1004.PMC3531110.pdf class_pmc GitHub
https://github.com/bnoi/ com,github)/bnoi 201706 oa_pdf/05/5d/1601.PMC5469604.pdf class_pmc GitHub
https://github.com/bnoi/maars/tree/ com,github)/bnoi/maars/tree 201706 oa_pdf/05/5d/1601.PMC5469604.pdf class_pmc GitHub
https://github.com/bnoi/maars/releases/tag/v1.0.0 com,github)/bnoi/maars/releases/tag/v1.0.0 201706 oa_pdf/05/5d/1601.PMC5469604.pdf class_pmc GitHub
https://github.com/bnoi/maars/tree/master/doc/ com,github)/bnoi/maars/tree/master/doc 201706 oa_pdf/05/5d/1601.PMC5469604.pdf class_pmc GitHub
https://github.com/bfosso/metashot com,github)/bfosso/metashot 201706 oa_pdf/0e/2b/btx036.PMC5447231.pdf class_pmc GitHub
https://github.com/bimsbbioinfo/ com,github)/bimsbbioinfo 201706 oa_pdf/0e/2e/gkx120.PMC5449606.pdf class_pmc GitHub
https://github.com/bimsbbioinfo/rcas com,github)/bimsbbioinfo/rcas 201706 oa_pdf/0e/2e/gkx120.PMC5449606.pdf class_pmc GitHub
https://github.com/hudsonalpha/a com,github)/hudsonalpha/a 201706 oa_pdf/20/04/btx023.PMC5447234.pdf class_pmc GitHub
https://github.com/nylander/ com,github)/nylander 201706 oa_pdf/2c/7e/997.PMC5453332.pdf class_pmc GitHub
https://github.com/ndaniel/fusioncatcher com,github)/ndaniel/fusioncatcher 201706 oa_pdf/3e/bf/or-37-06-3181.PMC5442398.pdf class_pmc GitHub
http://github.com/ryanpdwyer/ com,github)/ryanpdwyer 201706 oa_pdf/5c/fe/1602951.PMC5479705.pdf class_pmc GitHub
https://github.com/mailund/admixture_graph com,github)/mailund/admixture_graph 201706 oa_pdf/70/76/btx048.PMC5447235.pdf class_pmc GitHub
https://github.com/zallenlab/ com,github)/zallenlab 201706 oa_pdf/71/93/1519.PMC5449150.pdf class_pmc GitHub
https://github.com/systemsbiologyofjianghanuniversity/ com,github)/systemsbiologyofjianghanuniversity 201706 oa_pdf/7a/ed/gkx093.PMC5449614.pdf class_pmc GitHub
https://github.com/borrelialab/borrelia-genome-copy com,github)/borrelialab/borrelia-genome-copy 201706 oa_pdf/85/18/yjbm_90_2_195.PMC5482298.pdf class_pmc GitHub
https://github.com/tho com,github)/tho 201706 oa_pdf/89/7d/btx034.PMC5447240.pdf class_pmc GitHub
https://github.com/tischi/morphoquant com,github)/tischi/morphoquant 201706 oa_pdf/97/07/1688.PMC5469611.pdf class_pmc GitHub
https://github.com/hallowkm/ com,github)/hallowkm 201706 oa_pdf/9a/45/PSP4-6-383.PMC5488122.pdf class_pmc GitHub
https://github.com/assemblx/assemblxweb com,github)/assemblx/assemblxweb 201706 oa_pdf/a2/35/gkx034.PMC5449548.pdf class_pmc GitHub
https://github.com/kassambara/ com,github)/kassambara 201706 oa_pdf/b1/74/gkx327.PMC5449613.pdf class_pmc GitHub
https://github.com/kassambara/ com,github)/kassambara 201706 oa_pdf/b1/74/gkx327.PMC5449613.pdf class_pmc GitHub
https://github.com/tbuder/celltrans com,github)/tbuder/celltrans 201706 oa_pdf/b1/aa/10.1177_1177932217712241.PMC5478290.pdf class_pmc GitHub
https://github.com/gungorbudak/seten com,github)/gungorbudak/seten 201706 oa_pdf/c1/f6/836.PMC5435856.pdf class_pmc GitHub
https://github.com/mgledi/phyfoo/.3 com,github)/mgledi/phyfoo/.3 201706 oa_pdf/d7/05/btx033.PMC5447242.pdf class_pmc GitHub
https://github.com/mgledi/phyfoo com,github)/mgledi/phyfoo 201706 oa_pdf/d7/05/btx033.PMC5447242.pdf class_pmc GitHub
https://github.com/ratschlab/mmr com,github)/ratschlab/mmr 201706 oa_pdf/d8/55/CTMC-17-1709.PMC5421137.pdf class_pmc GitHub
https://github.com/broadinstitute/picard/releases com,github)/broadinstitute/picard/releases 201706 oa_pdf/df/db/medi-96-e7240.PMC5484233.pdf class_pmc GitHub
https://github.com/yingyang/stft_r_git_repo com,github)/yingyang/stft_r_git_repo 201706 oa_pdf/e7/a9/i1534-7362-17-6-1.PMC5461867.pdf class_pmc GitHub
https://github.com/chenglilab/markov3d com,github)/chenglilab/markov3d 201706 oa_pdf/ff/c5/gkx086.PMC5449544.pdf class_pmc GitHub
https://github.com/chenglilab/markov3d com,github)/chenglilab/markov3d 201706 oa_pdf/ff/c5/gkx086.PMC5449544.pdf class_pmc GitHub
https://github.com/ryneches/pique com,github)/ryneches/pique 201205 oa_pdf/51/73/gks063.PMC3378898.pdf class_pmc GitHub
https://github.com/wash/probing.nucleic com,github)/wash/probing.nucleic 201205 oa_pdf/a9/15/gks009.PMC3378861.pdf class_pmc GitHub
https://github.com/chongwu-biostat/methyimpute com,github)/chongwu-biostat/methyimpute 201602 oa_pdf/27/38/kepi-11-02-1145328.PMC4846117.pdf class_pmc GitHub
https://github.com/paci com,github)/paci 201602 oa_pdf/2f/d7/mBio.01948-15.PMC4752602.pdf class_pmc GitHub
https://github.com/greenwoodlab/ com,github)/greenwoodlab 201602 oa_pdf/33/7c/btv615.PMC4743629.pdf class_pmc GitHub
https://github.com/michaelkyu/scikit-learn-fasterrf com,github)/michaelkyu/scikit-learn-fasterrf 201602 oa_pdf/3f/ef/nihms758266.PMC4772745.pdf class_pmc GitHub
https://github.com/hurwitzlab/fizkin com,github)/hurwitzlab/fizkin 201602 oa_pdf/4f/22/ismej2015125a.PMC4737935.pdf class_pmc GitHub
https://github.com/michaelgruenstaeudl/waracs com,github)/michaelgruenstaeudl/waracs 201602 oa_pdf/4f/4d/apps.1500120.PMC4760752.pdf class_pmc GitHub
https://github.com/jstjohn/seqprep com,github)/jstjohn/seqprep 201602 oa_pdf/73/f4/mBio.02231-15.PMC4742717.pdf class_pmc GitHub
https://github.com/aradenbaugh/radia/ com,github)/aradenbaugh/radia 201602 oa_pdf/73/f4/mBio.02231-15.PMC4742717.pdf class_pmc GitHub
https://github.com/mtgregory com,github)/mtgregory 201602 oa_pdf/75/67/gkv915.PMC4756847.pdf class_pmc GitHub
https://github.com/vqv/ggbiplot com,github)/vqv/ggbiplot 201602 oa_pdf/79/26/EMBR-17-178.PMC4784001.pdf class_pmc GitHub
https://github.com/hzi- com,github)/hzi- 201602 oa_pdf/9e/ba/vev025.PMC4989879.pdf class_pmc GitHub
https://github.com/rchereji/detect_ndrs_and_flanking_nucleosomes com,github)/rchereji/detect_ndrs_and_flanking_nucleosomes 201602 oa_pdf/bb/d2/211.PMC4728374.pdf class_pmc GitHub
https://github.com/rchereji/ com,github)/rchereji 201602 oa_pdf/bb/d2/211.PMC4728374.pdf class_pmc GitHub
https://github.com/espresso-research com,github)/espresso-research 201602 oa_pdf/c8/65/CMC-23-408.PMC5403968.pdf class_pmc GitHub
https://github.com/taoliu/macs com,github)/taoliu/macs 201209 oa_pdf/02/65/1813.PMC3431496.pdf class_pmc GitHub
http://github.com/wrobstory/vincent com,github)/wrobstory/vincent 201605 oa_pdf/27/4c/649.PMC4864456.pdf class_pmc GitHub
https://github.com/xyjprc/hon com,github)/xyjprc/hon 201605 oa_pdf/28/19/1600028.PMC4928957.pdf class_pmc GitHub
https://github.com/fda/openfda com,github)/fda/openfda 201605 oa_pdf/43/12/ocv153.PMC4901374.pdf class_pmc GitHub
https://github.com/annalam/pypette com,github)/annalam/pypette 201605 oa_pdf/4b/81/BovaMCS000752.PMC4853517.pdf class_pmc GitHub
https://github.com/zhanxw/rvtests com,github)/zhanxw/rvtests 201605 oa_pdf/5d/5a/btw079.PMC4848408.pdf class_pmc GitHub
https://github.com/iontorrent/ts com,github)/iontorrent/ts 201605 oa_pdf/61/07/jmedgenet-2015-103469.PMC4853542.pdf class_pmc GitHub
https://github.com/ledell/cvauc com,github)/ledell/cvauc 201605 oa_pdf/73/43/HUMU-37-439.PMC5067603.pdf class_pmc GitHub
https://github.com/mit-lcp/mimic-code com,github)/mit-lcp/mimic-code 201605 oa_pdf/76/44/main.PMC4960347.pdf class_pmc GitHub
https://github.com/blachlylab/ com,github)/blachlylab 201605 oa_pdf/76/81/btw028.PMC4866525.pdf class_pmc GitHub
https://github.com/victorian- com,github)/victorian- 201605 oa_pdf/77/70/ncomms11519.PMC4873664.pdf class_pmc GitHub
https://github.com/ijmarshall/ com,github)/ijmarshall 201605 oa_pdf/92/43/40271_2016_Article_177.PMC5107194.pdf class_pmc GitHub
https://github.com/boltdb/bolt com,github)/boltdb/bolt 201605 oa_pdf/a8/f0/677.PMC4836643.pdf class_pmc GitHub
https://github.com/ubccr/treat com,github)/ubccr/treat 201605 oa_pdf/a8/f0/677.PMC4836643.pdf class_pmc GitHub
https://github.com/stnava/ants/ com,github)/stnava/ants 201605 oa_pdf/aa/42/main.PMC5187496.pdf class_pmc GitHub
https://github.com/enbrown/eye-canalogram/tree/06461498c8 com,github)/enbrown/eye-canalogram/tree/06461498c8 201605 oa_pdf/af/e5/i1552-5783-57-6-2831.PMC5113980.pdf class_pmc GitHub
https://github.com/bjornwallner/proq_scripts com,github)/bjornwallner/proq_scripts 201605 oa_pdf/b5/3b/btv767.PMC4848402.pdf class_pmc GitHub
https://github.com/lengning/ com,github)/lengning 201605 oa_pdf/c6/a5/btw004.PMC4848403.pdf class_pmc GitHub
https://github.com/kokrah/cbcbseq/ com,github)/kokrah/cbcbseq 201605 oa_pdf/cd/2b/mBio.00027-16.PMC4959658.pdf class_pmc GitHub
https://github.com/groupschoof/ com,github)/groupschoof 201310 oa_pdf/4d/55/ncomms3640.PMC4089393.pdf class_pmc GitHub
http://github.com/genome/sciclone com,github)/genome/sciclone 201310 oa_pdf/4f/2f/41586_2013_Article_BFnature12634.PMC3927368.pdf class_pmc GitHub
https://github.com/qbilius com,github)/qbilius 201310 oa_pdf/70/7a/i-perception-4-493.PMC4129382.pdf class_pmc GitHub
https://github.com/weinreich/fgm-functionalsynthesis com,github)/weinreich/fgm-functionalsynthesis 201310 oa_pdf/94/17/evo0067-2957.PMC4282100.pdf class_pmc GitHub
https://github.com/mbostock/d3/wiki/ordinal-scales com,github)/mbostock/d3/wiki/ordinal-scales 201310 oa_pdf/ca/40/srep02652.PMC3788369.pdf class_pmc GitHub
https://github.com/saftinet com,github)/saftinet 201310 oa_pdf/f8/64/egems1027.PMC4371513.pdf class_pmc GitHub
https://github.com/lulab/ com,github)/lulab 201701 oa_pdf/01/36/gkw798.PMC5224497.pdf class_pmc GitHub
https://github.com/najoshi/sickle com,github)/najoshi/sickle 201701 oa_pdf/05/79/1601602.PMC5249256.pdf class_pmc GitHub
https://github.com/paci com,github)/paci 201701 oa_pdf/06/d9/HIV-18-45.PMC5132110.pdf class_pmc GitHub
https://github.com/calipho-sib/pepx com,github)/calipho-sib/pepx 201701 oa_pdf/14/09/gkw1062.PMC5210547.pdf class_pmc GitHub
https://github.com/calipho-sib com,github)/calipho-sib 201701 oa_pdf/14/09/gkw1062.PMC5210547.pdf class_pmc GitHub
https://github.com/calipho-sib/pepx com,github)/calipho-sib/pepx 201701 oa_pdf/14/09/gkw1062.PMC5210547.pdf class_pmc GitHub
https://github.com/tseemann/ com,github)/tseemann 201701 oa_pdf/17/cb/evx003.PMC5381664.pdf class_pmc GitHub
https://github.com/compbio-uoft/cougar-viz com,github)/compbio-uoft/cougar-viz 201701 oa_pdf/1e/8a/107.PMC5204335.pdf class_pmc GitHub
https://github.com/karl616/gnomepeaks com,github)/karl616/gnomepeaks 201701 oa_pdf/26/7c/gkw1061.PMC5224477.pdf class_pmc GitHub
https://github.com/aherbert/gdsc-smlm com,github)/aherbert/gdsc-smlm 201701 oa_pdf/28/ff/1601600.PMC5249260.pdf class_pmc GitHub
https://github.com/rajarshi/ com,github)/rajarshi 201701 oa_pdf/2c/e5/10.1177_1087057116657513.PMC5302078.pdf class_pmc GitHub
https://github.com/microb3-is/ com,github)/microb3-is 201701 oa_pdf/47/29/ismej201689a.PMC5315481.pdf class_pmc GitHub
https://github.com/hipsci/hipsci com,github)/hipsci/hipsci 201701 oa_pdf/47/e6/gkw928.PMC5210631.pdf class_pmc GitHub
https://github.com/hipsci/hipsci com,github)/hipsci/hipsci 201701 oa_pdf/47/e6/gkw928.PMC5210631.pdf class_pmc GitHub
https://github.com/hillerlab/iterativeerrorcorrection/ com,github)/hillerlab/iterativeerrorcorrection 201701 oa_pdf/4a/85/bbw003.PMC5221426.pdf class_pmc GitHub
https://github.com/hillerlab/iterative com,github)/hillerlab/iterative 201701 oa_pdf/4a/85/bbw003.PMC5221426.pdf class_pmc GitHub
https://github.com/ebispot/goci com,github)/ebispot/goci 201701 oa_pdf/4b/76/gkw1133.PMC5210590.pdf class_pmc GitHub
https://github.com/ebispot/goci com,github)/ebispot/goci 201701 oa_pdf/4b/76/gkw1133.PMC5210590.pdf class_pmc GitHub
https://github.com/najoshi/sickle com,github)/najoshi/sickle 201701 oa_pdf/54/ab/6.PMC5159650.pdf class_pmc GitHub
https://github.com/broadinstitute/picard/releases/download/1.131/picard-tools-1.131.zip com,github)/broadinstitute/picard/releases/download/1.131/picard-tools-1.131.zip 201701 oa_pdf/56/0b/gkw1064.PMC5210548.pdf class_pmc GitHub
https://github.com/marcgibbons/ com,github)/marcgibbons 201701 oa_pdf/68/a7/gkw986.PMC5210660.pdf class_pmc GitHub
https://github.com/1001genomes/arapheno com,github)/1001genomes/arapheno 201701 oa_pdf/68/a7/gkw986.PMC5210660.pdf class_pmc GitHub
https://github.com/guipengli/chia-pet2 com,github)/guipengli/chia-pet2 201701 oa_pdf/76/81/gkw809.PMC5224499.pdf class_pmc GitHub
https://github.com/guipengli/chia- com,github)/guipengli/chia- 201701 oa_pdf/76/81/gkw809.PMC5224499.pdf class_pmc GitHub
https://github.com/boutroslab/ com,github)/boutroslab 201701 oa_pdf/7a/f9/gkw997.PMC5210668.pdf class_pmc GitHub
https://github.com/stefankroes/ancestry com,github)/stefankroes/ancestry 201701 oa_pdf/81/f3/gkw980.PMC5210656.pdf class_pmc GitHub
http://www.github.com/andersenlab/vcf-kit com,github)/andersenlab/vcf-kit 201701 oa_pdf/92/49/gkw893.PMC5210618.pdf class_pmc GitHub
https://github.com/varioml com,github)/varioml 201701 oa_pdf/9d/d6/gkw949.PMC5210643.pdf class_pmc GitHub
https://github.com/geneontology/go-ontology/ com,github)/geneontology/go-ontology 201701 oa_pdf/a9/10/gkw1108.PMC5210579.pdf class_pmc GitHub
https://github.com/basvanopheusden/ com,github)/basvanopheusden 201701 oa_pdf/a9/1f/i1534-7362-17-1-13.PMC5256468.pdf class_pmc GitHub
https://github.com/unisb-bioinf/genetrail2 com,github)/unisb-bioinf/genetrail2 201701 oa_pdf/aa/53/gkw926.PMC5210630.pdf class_pmc GitHub
https://github.com/cdeanj/snpfinder com,github)/cdeanj/snpfinder 201701 oa_pdf/ba/29/gkw1009.PMC5210519.pdf class_pmc GitHub
https://github.com/cdeanj/ com,github)/cdeanj 201701 oa_pdf/ba/29/gkw1009.PMC5210519.pdf class_pmc GitHub
https://github.com/pdera/gse_ada com,github)/pdera/gse_ada 201701 oa_pdf/c4/e8/jove-119-54660.PMC5352262.pdf class_pmc GitHub
https://github.com/pdera/gse_ada/blob/master/documentation/refinement%20tutorial.pdf com,github)/pdera/gse_ada/blob/master/documentation/refinement%20tutorial.pdf 201701 oa_pdf/c4/e8/jove-119-54660.PMC5352262.pdf class_pmc GitHub
https://github.com/zebrafishmine/intermine com,github)/zebrafishmine/intermine 201701 oa_pdf/cd/2e/gkw1116.PMC5210580.pdf class_pmc GitHub
https://github.com/compevol/sampled-ancestors com,github)/compevol/sampled-ancestors 201701 oa_pdf/e5/1e/syw060.PMC5410945.pdf class_pmc GitHub
https://github.com/obophenotype/human- com,github)/obophenotype/human- 201701 oa_pdf/eb/23/gkw1039.PMC5210535.pdf class_pmc GitHub
https://github.com/neavemj/microbiomemap com,github)/neavemj/microbiomemap 201701 oa_pdf/f7/8a/ismej201695a.PMC5335547.pdf class_pmc GitHub
https://github.com/neavemj/globalcoralmicrobiomes/ com,github)/neavemj/globalcoralmicrobiomes 201701 oa_pdf/f7/8a/ismej201695a.PMC5335547.pdf class_pmc GitHub
https://github.com/solgenomics com,github)/solgenomics 201111 oa_pdf/24/79/bar051.PMC3225077.pdf class_pmc GitHub
https://github.com/semsol/arc2/wiki com,github)/semsol/arc2/wiki 201111 oa_pdf/5e/25/bbr051.PMC3220873.pdf class_pmc GitHub
https://github.com/brwnj/seqanno com,github)/brwnj/seqanno 201404 oa_pdf/27/f7/mder-7-083.PMC4011924.pdf class_pmc GitHub
https://github.com/ctokheim/primerseq com,github)/ctokheim/primerseq 201404 oa_pdf/9d/12/main.PMC4411361.pdf class_pmc GitHub
http://github.com/usuyama/hapmuc com,github)/usuyama/hapmuc 201412 oa_pdf/22/c8/btu537.PMC4816033.pdf class_pmc GitHub
https://github.com/tjbrunette/endonuclease com,github)/tjbrunette/endonuclease 201412 oa_pdf/36/1b/gku1096.PMC4267613.pdf class_pmc GitHub
http://github.com/astatham/aaron com,github)/astatham/aaron 201412 oa_pdf/6e/12/main.PMC4535833.pdf class_pmc GitHub
https://github.com/nh13/dwgsim com,github)/nh13/dwgsim 201412 oa_pdf/e3/ed/btu558.PMC4816029.pdf class_pmc GitHub
https://github.com/igorrcosta/alfie com,github)/igorrcosta/alfie 201609 oa_pdf/07/b0/1257.PMC5052044.pdf class_pmc GitHub
https://github.com/igorrcosta/ com,github)/igorrcosta 201609 oa_pdf/07/b0/1257.PMC5052044.pdf class_pmc GitHub
https://github.com/igorrcosta/alfie/blob/master/al_modeltest.py com,github)/igorrcosta/alfie/blob/master/al_modeltest.py 201609 oa_pdf/07/b0/1257.PMC5052044.pdf class_pmc GitHub
https://github.com/mbostock/d3 com,github)/mbostock/d3 201609 oa_pdf/11/47/btw327.PMC5018373.pdf class_pmc GitHub
https://github.com/abehr/pong com,github)/abehr/pong 201609 oa_pdf/11/47/btw327.PMC5018373.pdf class_pmc GitHub
https://github.com/raivokolde/seqlm com,github)/raivokolde/seqlm 201609 oa_pdf/11/dd/btw304.PMC5013909.pdf class_pmc GitHub
https://github.com/raivokolde/seqlmcontact: com,github)/raivokolde/seqlmcontact: 201609 oa_pdf/11/dd/btw304.PMC5013909.pdf class_pmc GitHub
https://github.com/col-iu/grasper com,github)/col-iu/grasper 201609 oa_pdf/12/e1/gkw647.PMC5009759.pdf class_pmc GitHub
https://github.com/marco-m com,github)/marco-m 201609 oa_pdf/19/49/msw122.PMC4989117.pdf class_pmc GitHub
https://github.com/compbioutsw/scarf com,github)/compbioutsw/scarf 201609 oa_pdf/1f/4c/ChenMCS000992.PMC5002927.pdf class_pmc GitHub
https://github.com/compbioutsw/scarf com,github)/compbioutsw/scarf 201609 oa_pdf/1f/4c/ChenMCS000992.PMC5002927.pdf class_pmc GitHub
http://github.com/ridgelab/sa-ssr com,github)/ridgelab/sa-ssr 201609 oa_pdf/1f/76/btw298.PMC5013907.pdf class_pmc GitHub
http://github.com/ridgelab/sa-ssr com,github)/ridgelab/sa-ssr 201609 oa_pdf/1f/76/btw298.PMC5013907.pdf class_pmc GitHub
https://github.com/vsbuffalo/scythe com,github)/vsbuffalo/scythe 201609 oa_pdf/21/ed/evw222.PMC5174736.pdf class_pmc GitHub
https://github.com/najoshi/sickle com,github)/najoshi/sickle 201609 oa_pdf/37/c9/gkw371.PMC5009728.pdf class_pmc GitHub
https://github.com/jstjohn/seqprep com,github)/jstjohn/seqprep 201609 oa_pdf/38/6a/1178.PMC5052034.pdf class_pmc GitHub
https://github.com/davi com,github)/davi 201609 oa_pdf/3e/ca/leu2016143a.PMC5240019.pdf class_pmc GitHub
https://github.com/rfernandezgarcia/ com,github)/rfernandezgarcia 201609 oa_pdf/44/5d/syw041.PMC4997009.pdf class_pmc GitHub
https://github.com/bw4sz/drone/blob/master/kmean.md com,github)/bw4sz/drone/blob/master/kmean.md 201609 oa_pdf/4b/e0/apps.1600041.PMC5033362.pdf class_pmc GitHub
https://github.com/ma-compbio/ldgm com,github)/ma-compbio/ldgm 201609 oa_pdf/57/60/gkw581.PMC5041474.pdf class_pmc GitHub
https://github.com/chenglinli/chemical_mutagenesis com,github)/chenglinli/chemical_mutagenesis 201609 oa_pdf/6c/1a/1268.PMC5052037.pdf class_pmc GitHub
https://github.com/grovesdixon/metatranscriptomes com,github)/grovesdixon/metatranscriptomes 201609 oa_pdf/78/fc/msw100.PMC4989105.pdf class_pmc GitHub
https://github.com/pachterlab/kma com,github)/pachterlab/kma 201609 oa_pdf/7b/5f/jove-115-54443.PMC5091987.pdf class_pmc GitHub
https://github.com/pacificbiosciences/falcon com,github)/pacificbiosciences/falcon 201609 oa_pdf/e0/fe/apps.1600063.PMC5033369.pdf class_pmc GitHub
https://github.com/mit-lcp/mimic-code com,github)/mit-lcp/mimic-code 201609 oa_pdf/e7/66/main.PMC5037117.pdf class_pmc GitHub
https://github.com/cbergman/transpo com,github)/cbergman/transpo 201408 oa_pdf/5b/58/srep05860.PMC4148671.pdf class_pmc GitHub
https://github.com/dittmarlab/hgtector com,github)/dittmarlab/hgtector 201408 oa_pdf/88/ea/evu169.PMC4159011.pdf class_pmc GitHub
https://github.com/varioml com,github)/varioml 201408 oa_pdf/9d/d6/jbm-5-153.PMC4149444.pdf class_pmc GitHub
https://github.com/armintoepfer/5- com,github)/armintoepfer/5- 201408 oa_pdf/9f/ef/gku537.PMC4132706.pdf class_pmc GitHub
https://github.com/liston com,github)/liston 201408 oa_pdf/ae/76/apps.1400042.PMC4162667.pdf class_pmc GitHub
https://github.com/faircloth- com,github)/faircloth- 201408 oa_pdf/ae/76/apps.1400042.PMC4162667.pdf class_pmc GitHub
https://github.com/abucksch com,github)/abucksch 201408 oa_pdf/ae/d3/apps.1400005.PMC4141711.pdf class_pmc GitHub
https://github.com/simras/cwords com,github)/simras/cwords 201409 oa_pdf/04/9f/gku672.PMC4176157.pdf class_pmc GitHub
https://github.com/ldiao/mixmir com,github)/ldiao/mixmir 201409 oa_pdf/04/9f/gku672.PMC4176157.pdf class_pmc GitHub
https://github.com/smirarab/astral/ com,github)/smirarab/astral 201409 oa_pdf/21/d2/btu462.PMC4147915.pdf class_pmc GitHub
https://github.com/pbenner/tfbayes com,github)/pbenner/tfbayes 201409 oa_pdf/77/64/btu461.PMC4147914.pdf class_pmc GitHub
https://www.github.com/elofssonlab/pcons-fold com,github)/elofssonlab/pcons-fold 201409 oa_pdf/7e/02/btu458.PMC4147911.pdf class_pmc GitHub
https://github.com/qfma/duf1220 com,github)/qfma/duf1220 201409 oa_pdf/9a/c0/kjr-15-641.PMC4170166.pdf class_pmc GitHub
https://github.com/mehmetgonen/kbmtl com,github)/mehmetgonen/kbmtl 201409 oa_pdf/f3/38/btu464.PMC4147917.pdf class_pmc GitHub
https://github.com/uh-bioinformatics/hbayessc com,github)/uh-bioinformatics/hbayessc 201409 oa_pdf/f9/aa/msu187.PMC4137712.pdf class_pmc GitHub
https://github.com/federicov/ com,github)/federicov 201608 oa_pdf/0d/1d/mv-v22-1048.PMC4990101.pdf class_pmc GitHub
https://github.com/grenaud/alib com,github)/grenaud/alib 201608 oa_pdf/3d/56/dsw029.PMC4991838.pdf class_pmc GitHub
http://github.com/limno/ld12 com,github)/limno/ld12 201608 oa_pdf/3e/6f/ismej2015260a.PMC5029164.pdf class_pmc GitHub
https://github.com/mhfzsharmin/trisectrtrisect com,github)/mhfzsharmin/trisectrtrisect 201608 oa_pdf/55/f2/1110.PMC4971765.pdf class_pmc GitHub
http://github.com/jdstorey/qvalue com,github)/jdstorey/qvalue 201608 oa_pdf/55/f2/1110.PMC4971765.pdf class_pmc GitHub
https://github.com/pois com,github)/pois 201608 oa_pdf/56/5e/leu201669a.PMC4972641.pdf class_pmc GitHub
https://github.com/aharonilab/matchweiz com,github)/aharonilab/matchweiz 201608 oa_pdf/6b/c1/ncomms12423.PMC5013563.pdf class_pmc GitHub
http://github.com/evolbioinf/hotspot/ com,github)/evolbioinf/hotspot 201608 oa_pdf/73/4e/btw195.PMC4978934.pdf class_pmc GitHub
https://github.com/hakyimlab/predixcan com,github)/hakyimlab/predixcan 201608 oa_pdf/7e/d9/main.PMC5440953.pdf class_pmc GitHub
https://github.com/veg/hiv-ngs com,github)/veg/hiv-ngs 201608 oa_pdf/8e/9d/vew020.PMC5072458.pdf class_pmc GitHub
https://github.com/najoshi/sickle com,github)/najoshi/sickle 201608 oa_pdf/92/59/i0006-3363-95-2-47.PMC5029478.pdf class_pmc GitHub
https://github.com/mozoo/hermes.git com,github)/mozoo/hermes.git 201608 oa_pdf/a1/25/evw187.PMC5010914.pdf class_pmc GitHub
https://github.com/jstjohn/ com,github)/jstjohn 201608 oa_pdf/c8/d0/1600633.PMC4980104.pdf class_pmc GitHub
https://github.com/paci com,github)/paci 201608 oa_pdf/dd/36/dsw022.PMC4991835.pdf class_pmc GitHub
https://github.com/paci com,github)/paci 201608 oa_pdf/fc/a5/main.PMC5024332.pdf class_pmc GitHub
https://github.com/pacificbi com,github)/pacificbi 201608 oa_pdf/fe/65/ismej2015249a.PMC5029162.pdf class_pmc GitHub
https://github.com/molmed/berglund-lindqvist-2013 com,github)/molmed/berglund-lindqvist-2013 201501 oa_pdf/10/d1/humu0036-0118.PMC4309499.pdf class_pmc GitHub
https://github.com/vityay/dwac-seq com,github)/vityay/dwac-seq 201501 oa_pdf/10/d1/humu0036-0118.PMC4309499.pdf class_pmc GitHub
http://www.github.com/molgenis com,github)/molgenis 201501 oa_pdf/17/8e/amiajnl-2013-002577.PMC4433361.pdf class_pmc GitHub
https://github.com/najoshi/sickle com,github)/najoshi/sickle 201501 oa_pdf/20/42/mBio.02400-14.PMC4313915.pdf class_pmc GitHub
https://github.com/pacificbiosciences/devnet/wiki/ com,github)/pacificbiosciences/devnet/wiki 201501 oa_pdf/4d/4c/129.PMC4317168.pdf class_pmc GitHub
https://github.com/zhengxwen/snprelate com,github)/zhengxwen/snprelate 201501 oa_pdf/a4/0e/gene201451a.PMC4308645.pdf class_pmc GitHub
https://github.com/caballero/repeatlandscape com,github)/caballero/repeatlandscape 201501 oa_pdf/db/33/evv005.PMC4350176.pdf class_pmc GitHub
https://github.com/dieterich-lab/dorina com,github)/dieterich-lab/dorina 201501 oa_pdf/db/4a/gku1180.PMC4383974.pdf class_pmc GitHub
https://github.com/apolitis/eif3 com,github)/apolitis/eif3 201501 oa_pdf/dc/ee/main.PMC4306531.pdf class_pmc GitHub
https://github.com/ocisse/ com,github)/ocisse 201501 oa_pdf/e8/9f/mBio.02250-14.PMC4313921.pdf class_pmc GitHub
https://github.com/phylogeography/spreadcontact: com,github)/phylogeography/spreadcontact: 201110 oa_pdf/14/e6/btr481.PMC3187652.pdf class_pmc GitHub
https://github.com/stamatak/parsimonator- com,github)/stamatak/parsimonator- 201405 oa_pdf/23/0e/btu053.PMC4016711.pdf class_pmc GitHub
https://github.com/bauerlab/ngsane com,github)/bauerlab/ngsane 201405 oa_pdf/53/4f/btu036.PMC4016703.pdf class_pmc GitHub
https://github.com/stamatak/standard-raxml com,github)/stamatak/standard-raxml 201405 oa_pdf/8b/c9/btu033.PMC3998144.pdf class_pmc GitHub
https://github.com/bushmanlab/ com,github)/bushmanlab 201612 oa_pdf/08/be/main.PMC5363318.pdf class_pmc GitHub
https://github.com/bushmanlab/hotrocs com,github)/bushmanlab/hotrocs 201612 oa_pdf/08/be/main.PMC5363318.pdf class_pmc GitHub
https://github.com/bushmanlab/ com,github)/bushmanlab 201612 oa_pdf/08/be/main.PMC5363318.pdf class_pmc GitHub
https://github.com/bushmanlab/inspiired com,github)/bushmanlab/inspiired 201612 oa_pdf/21/47/main.PMC5363316.pdf class_pmc GitHub
https://github.com/bushmanlab/ com,github)/bushmanlab 201612 oa_pdf/21/47/main.PMC5363316.pdf class_pmc GitHub
https://github.com/d3/ com,github)/d3 201612 oa_pdf/26/4d/1501855.PMC5156514.pdf class_pmc GitHub
https://github.com/jussitohka/general_matlab com,github)/jussitohka/general_matlab 201612 oa_pdf/46/9b/main.PMC5233798.pdf class_pmc GitHub
https://github.com/pacificbiosciences/motifmaker com,github)/pacificbiosciences/motifmaker 201612 oa_pdf/4c/98/ppj-32-500.PMC5117858.pdf class_pmc GitHub
https://github.com/gersteinlab/frustration com,github)/gersteinlab/frustration 201612 oa_pdf/4d/e3/gkw927.PMC5137452.pdf class_pmc GitHub
https://github.com/codinghedgehog com,github)/codinghedgehog 201612 oa_pdf/56/d5/jiw468.PMC5142090.pdf class_pmc GitHub
http://github.com/horvathlab/ngs com,github)/horvathlab/ngs 201612 oa_pdf/64/d9/gkw757.PMC5159535.pdf class_pmc GitHub
https://github.com/najoshi/ com,github)/najoshi 201612 oa_pdf/80/94/main.PMC5176132.pdf class_pmc GitHub
https://github.com/alekseyenko/tw2 com,github)/alekseyenko/tw2 201612 oa_pdf/93/05/btw524.PMC5181538.pdf class_pmc GitHub
https://github.com/ncbi/ com,github)/ncbi 201612 oa_pdf/96/4f/gkw691.PMC5137422.pdf class_pmc GitHub
http://www.github.com/hallamlab/lcastar/ com,github)/hallamlab/lcastar 201612 oa_pdf/99/dc/btw400.PMC5181528.pdf class_pmc GitHub
https://github.com/prisms-center/casmcode.37 com,github)/prisms-center/casmcode.37 201612 oa_pdf/a0/32/1601796.PMC5176347.pdf class_pmc GitHub
https://github.com/clinicallaboratory/generating com,github)/clinicallaboratory/generating 201612 oa_pdf/a5/70/JPI-7-55.PMC5248399.pdf class_pmc GitHub
https://github.com/bernardo1963/ com,github)/bernardo1963 201612 oa_pdf/c1/95/1710.PMC5131822.pdf class_pmc GitHub
https://github.com/pgxcentre/genipe.documentation com,github)/pgxcentre/genipe.documentation 201612 oa_pdf/c4/b7/btw487.PMC5181529.pdf class_pmc GitHub
https://github.com/vc com,github)/vc 201612 oa_pdf/d9/55/HUMU-37-1263.PMC5129537.pdf class_pmc GitHub
https://www.github.com/spotify/luigi com,github)/spotify/luigi 201612 oa_pdf/e2/2c/JPI-7-53.PMC5248400.pdf class_pmc GitHub
https://www.github.com/pharmbio/ com,github)/pharmbio 201612 oa_pdf/e2/2c/JPI-7-53.PMC5248400.pdf class_pmc GitHub
https://github.com/josie-hughes/empirictherapyindices/blob/master/ com,github)/josie-hughes/empirictherapyindices/blob/master 201612 oa_pdf/ef/d9/bmjopen-2016-012040.PMC5168677.pdf class_pmc GitHub
https://github.com/najoshi/sickle com,github)/najoshi/sickle 201307 oa_pdf/47/0c/evt100.PMC3762192.pdf class_pmc GitHub
http://github.com/raphg/bib-review- com,github)/raphg/bib-review- 201307 oa_pdf/56/f1/bbs078.PMC3713713.pdf class_pmc GitHub
https://github.com/sriesenfeld/mrcc-libraries com,github)/sriesenfeld/mrcc-libraries 201307 oa_pdf/85/a9/btt230.PMC3694677.pdf class_pmc GitHub
https://github.com/paci com,github)/paci 201307 oa_pdf/8c/63/mBio.00398-13.PMC3705451.pdf class_pmc GitHub
https://github.com/raldecoa/closedbenchmarks com,github)/raldecoa/closedbenchmarks 201307 oa_pdf/fd/78/srep02216.PMC3713530.pdf class_pmc GitHub
https://github.com/rnaseqr/rnaseqr com,github)/rnaseqr/rnaseqr 201203 oa_pdf/13/40/gkr1248.PMC3315322.pdf class_pmc GitHub
http://github.com/lh3/wgsim com,github)/lh3/wgsim 201203 oa_pdf/68/be/gkr1246.PMC3315303.pdf class_pmc GitHub
https://github.com/chb/ com,github)/chb 201203 oa_pdf/a0/bb/amiajnl-2011-000622.PMC3384120.pdf class_pmc GitHub
https://github.com/bhaktidwivedi com,github)/bhaktidwivedi 201604 oa_pdf/08/2d/gkv1503.PMC4838358.pdf class_pmc GitHub
https://github.com/public- com,github)/public- 201604 oa_pdf/17/a0/btv724.PMC4824126.pdf class_pmc GitHub
https://github.com/grif com,github)/grif 201604 oa_pdf/26/13/msv349.PMC4776712.pdf class_pmc GitHub
https://github.com/bocinsky/paleocar/ com,github)/bocinsky/paleocar 201604 oa_pdf/2f/e0/1501532.PMC4820384.pdf class_pmc GitHub
https://github.com/shka/ com,github)/shka 201604 oa_pdf/45/61/dew008.PMC4791917.pdf class_pmc GitHub
https://github.com/shka/strtprep com,github)/shka/strtprep 201604 oa_pdf/45/61/dew008.PMC4791917.pdf class_pmc GitHub
https://github.com/shka/strtprep/wiki com,github)/shka/strtprep/wiki 201604 oa_pdf/45/61/dew008.PMC4791917.pdf class_pmc GitHub
https://github.com/broadin- com,github)/broadin- 201604 oa_pdf/7b/29/evw095.PMC4898809.pdf class_pmc GitHub
https://github.com/opencb/hpg-aligner/wiki com,github)/opencb/hpg-aligner/wiki 201604 oa_pdf/8f/41/dsv039.PMC4833417.pdf class_pmc GitHub
https://github.com/abatelab/ com,github)/abatelab 201604 oa_pdf/95/32/gkv1493.PMC4838355.pdf class_pmc GitHub
https://github.com/mpicbg-scicomp/snakemake-work com,github)/mpicbg-scicomp/snakemake-work 201604 oa_pdf/99/a4/btv706.PMC4896369.pdf class_pmc GitHub
https://github.com/fiji/spim_registration com,github)/fiji/spim_registration 201604 oa_pdf/99/a4/btv706.PMC4896369.pdf class_pmc GitHub
https://github.com/dparks1134/re com,github)/dparks1134/re 201604 oa_pdf/9c/56/msv281.PMC4776705.pdf class_pmc GitHub
https://github.com/dparks1134/comparem com,github)/dparks1134/comparem 201604 oa_pdf/9c/56/msv281.PMC4776705.pdf class_pmc GitHub
https://github.com/jstjohn/seqprep com,github)/jstjohn/seqprep 201604 oa_pdf/9c/56/msv281.PMC4776705.pdf class_pmc GitHub
https://github.com/victorian com,github)/victorian 201604 oa_pdf/9c/56/msv281.PMC4776705.pdf class_pmc GitHub
https://github.com/maurerax/basic-informatics- com,github)/maurerax/basic-informatics- 201604 oa_pdf/a1/dd/evw099.PMC4943175.pdf class_pmc GitHub
https://github.com/wevanjohnson/hnrnph1 com,github)/wevanjohnson/hnrnph1 201604 oa_pdf/a3/00/main.PMC4856813.pdf class_pmc GitHub
https://github.com/torognes/ com,github)/torognes 201604 oa_pdf/ae/d2/ctg201620a.PMC4855161.pdf class_pmc GitHub
https://github.com/qfo/b com,github)/qfo/b 201604 oa_pdf/b3/1c/41592_2016_Article_BFnmeth3830.PMC4827703.pdf class_pmc GitHub
https://github.com/institutcurie/tgsim com,github)/institutcurie/tgsim 201604 oa_pdf/ba/dd/btv751.PMC4896370.pdf class_pmc GitHub
https://github.com/institutcurie/sv-bay com,github)/institutcurie/sv-bay 201604 oa_pdf/ba/dd/btv751.PMC4896370.pdf class_pmc GitHub
https://github.com/webikey/interactivekey/blob/master/readme.pdf com,github)/webikey/interactivekey/blob/master/readme.pdf 201604 oa_pdf/f1/dc/apps.1500128.PMC4850057.pdf class_pmc GitHub
https://github.com/webikey/interactivekey com,github)/webikey/interactivekey 201604 oa_pdf/f1/dc/apps.1500128.PMC4850057.pdf class_pmc GitHub
https://github.com/rgasp- com,github)/rgasp- 201311 oa_pdf/37/ab/41592_2013_Article_BFnmeth2714.PMC3851240.pdf class_pmc GitHub
https://github.com/ssolo/ale.git com,github)/ssolo/ale.git 201311 oa_pdf/a8/05/syt054.PMC3797637.pdf class_pmc GitHub
https://github.com/ssolo/ale.git com,github)/ssolo/ale.git 201311 oa_pdf/a8/05/syt054.PMC3797637.pdf class_pmc GitHub
https://github.com/afgane/bioblend com,github)/afgane/bioblend 201410 oa_pdf/4a/32/btu386.PMC4173020.pdf class_pmc GitHub
http://www.github.com/cod-inghedgehog/ com,github)/cod-inghedgehog 201410 oa_pdf/a5/2a/mBio.01692-14.PMC4196229.pdf class_pmc GitHub
https://github.com/lh3/seqtk com,github)/lh3/seqtk 201502 oa_pdf/0e/82/sfu129.PMC4310431.pdf class_pmc GitHub
https://github.com/brwnj/seqanno com,github)/brwnj/seqanno 201502 oa_pdf/27/f6/mBio.02462-14.PMC4324314.pdf class_pmc GitHub
http://github.com/uci-igb/improver2013 com,github)/uci-igb/improver2013 201502 oa_pdf/31/17/btu407.PMC4325536.pdf class_pmc GitHub
https://github.com/pcdjohnson/sim.glmm com,github)/pcdjohnson/sim.glmm 201502 oa_pdf/34/f1/mee30006-0133.PMC4394709.pdf class_pmc GitHub
http://github.com/csbl/platereader com,github)/csbl/platereader 201502 oa_pdf/49/4f/10.1177_2211068214555414.PMC4359207.pdf class_pmc GitHub
https://github.com/davidecarnevali/sinesfind com,github)/davidecarnevali/sinesfind 201502 oa_pdf/4e/4d/ijn-10-1521.PMC4345996.pdf class_pmc GitHub
https://github.com/jminuse/azotosome-paper com,github)/jminuse/azotosome-paper 201502 oa_pdf/60/9c/1400067.PMC4644080.pdf class_pmc GitHub
https://github.com/kbase/genome_annotation com,github)/kbase/genome_annotation 201502 oa_pdf/60/ea/srep08365.PMC4322359.pdf class_pmc GitHub
https://github.com/theseed/rasttk-distribution/releases/ com,github)/theseed/rasttk-distribution/releases 201502 oa_pdf/60/ea/srep08365.PMC4322359.pdf class_pmc GitHub
https://github.com/theseed/rasttk-distribution/releases/ com,github)/theseed/rasttk-distribution/releases 201502 oa_pdf/60/ea/srep08365.PMC4322359.pdf class_pmc GitHub
https://github.com/gburleigh/matrixconverter/tree/master/distribution com,github)/gburleigh/matrixconverter/tree/master/distribution 201502 oa_pdf/8e/0f/apps.1400088.PMC4332142.pdf class_pmc GitHub
https://github.com/gburleigh/matrixconverter/ com,github)/gburleigh/matrixconverter 201502 oa_pdf/8e/0f/apps.1400088.PMC4332142.pdf class_pmc GitHub
https://github.com/nandadorea/vetsyn com,github)/nandadorea/vetsyn 201502 oa_pdf/e5/60/ojphi-07-e19.PMC4512328.pdf class_pmc GitHub
https://github.com/lme4/lme4/ com,github)/lme4/lme4 201406 oa_pdf/08/be/sjop0055-0225.PMC4314696.pdf class_pmc GitHub
https://github.com/scriven/trap com,github)/scriven/trap 201406 oa_pdf/0b/3a/mst139.PMC4032124.pdf class_pmc GitHub
https://github.com/davetang/ccl2 com,github)/davetang/ccl2 201406 oa_pdf/44/32/srep05228.PMC4067614.pdf class_pmc GitHub
https://github.com/baoe/aligngraph com,github)/baoe/aligngraph 201406 oa_pdf/74/4e/btu291.PMC4058956.pdf class_pmc GitHub
https://github.com/armon/bloomd com,github)/armon/bloomd 201406 oa_pdf/7d/bf/btu288.PMC4058932.pdf class_pmc GitHub
https://github.com/isa-tools com,github)/isa-tools 201304 oa_pdf/1d/46/bat029.PMC3638156.pdf class_pmc GitHub
https://github.com/ebi-metabolights/ com,github)/ebi-metabolights 201304 oa_pdf/1d/46/bat029.PMC3638156.pdf class_pmc GitHub
https://github.com/andersenlab/vcf-kit com,github)/andersenlab/vcf-kit 201304 oa_pdf/58/d0/kjpain-26-207.PMC3629354.pdf class_pmc GitHub
http://github.com/miguelgodinho/tobin com,github)/miguelgodinho/tobin 201304 oa_pdf/80/c1/msb20136.PMC3658275.pdf class_pmc GitHub
https://github.com/unisb-bioinf/genetrail2 com,github)/unisb-bioinf/genetrail2 201304 oa_pdf/aa/53/grosbr-37-176.PMC3659637.pdf class_pmc GitHub
https://github.com/unisb-bioinf/genetrail2 com,github)/unisb-bioinf/genetrail2 201304 oa_pdf/aa/53/grosbr-37-176.PMC3659637.pdf class_pmc GitHub
https://github.com/jbjorne/tees/wiki/tees- com,github)/jbjorne/tees/wiki/tees- 201304 oa_pdf/ba/af/bat020.PMC3629873.pdf class_pmc GitHub
https://github.com/friend1ws/ebcall com,github)/friend1ws/ebcall 201304 oa_pdf/d3/e7/gkt126.PMC3627598.pdf class_pmc GitHub
https://github.com/hyphaltip com,github)/hyphaltip 201304 oa_pdf/f9/34/mBio.00055-13.PMC3648899.pdf class_pmc GitHub
https://github.com/jstjohn/seqprep com,github)/jstjohn/seqprep 201611 oa_pdf/0a/da/mtm201667.PMC5102145.pdf class_pmc GitHub
https://github.com/flosopher/floscripts/blob/master/ com,github)/flosopher/floscripts/blob/master 201611 oa_pdf/17/51/gkw930.PMC5175372.pdf class_pmc GitHub
https://github.com/wilsonsayreslab/ com,github)/wilsonsayreslab 201611 oa_pdf/17/84/evw232.PMC5203777.pdf class_pmc GitHub
https://github.com/monicasolbakken/mx com,github)/monicasolbakken/mx 201611 oa_pdf/1c/a8/evw250.PMC5203787.pdf class_pmc GitHub
https://github.com/praat/praat com,github)/praat/praat 201611 oa_pdf/47/6d/10.1177_2331216516678706.PMC5131808.pdf class_pmc GitHub
https://github.com/ndaniel/fusioncatcher com,github)/ndaniel/fusioncatcher 201611 oa_pdf/49/32/or-36-05-2455.PMC5055197.pdf class_pmc GitHub
https://github.com/daewoooo/ com,github)/daewoooo 201611 oa_pdf/51/84/1565.PMC5088598.pdf class_pmc GitHub
https://github.com/daewoooo/strandphase com,github)/daewoooo/strandphase 201611 oa_pdf/51/84/1565.PMC5088598.pdf class_pmc GitHub
https://github.com/wilsonsay com,github)/wilsonsay 201611 oa_pdf/6b/7d/evw263.PMC5381669.pdf class_pmc GitHub
https://github.com/wilsonsayreslab/anole_expression com,github)/wilsonsayreslab/anole_expression 201611 oa_pdf/6b/7d/evw263.PMC5381669.pdf class_pmc GitHub
https://github.com/jowkar/ com,github)/jowkar 201611 oa_pdf/79/e8/gkw674.PMC5100559.pdf class_pmc GitHub
https://github.com/cinquin/mutinack/ com,github)/cinquin/mutinack 201611 oa_pdf/87/a7/1600.PMC5088601.pdf class_pmc GitHub
https://github.com/mailund/imcoalhmm com,github)/mailund/imcoalhmm 201611 oa_pdf/a7/12/msw144.PMC5062319.pdf class_pmc GitHub
https://github.com/anaflo/tomato com,github)/anaflo/tomato 201611 oa_pdf/ae/10/msw175.PMC5062328.pdf class_pmc GitHub
https://github.com/kaylai/linearr com,github)/kaylai/linearr 201611 oa_pdf/b3/97/1600913.PMC5262451.pdf class_pmc GitHub
https://github.com/ck7/abawaca com,github)/ck7/abawaca 201611 oa_pdf/c1/b8/ismej201653a.PMC5113843.pdf class_pmc GitHub
https://github.com/najoshi/sickle com,github)/najoshi/sickle 201611 oa_pdf/c1/b8/ismej201653a.PMC5113843.pdf class_pmc GitHub
https://github.com/djpark1974/raft_hotspots_se com,github)/djpark1974/raft_hotspots_se 201611 oa_pdf/d6/5d/main.PMC5133665.pdf class_pmc GitHub
https://github.com/najoshi/sickle com,github)/najoshi/sickle 201611 oa_pdf/db/79/main.PMC5154972.pdf class_pmc GitHub
https://github.com/tseemann/snippy com,github)/tseemann/snippy 201703 oa_pdf/01/52/dkw502.PMC5400087.pdf class_pmc GitHub
https://github.com/mathelab/altre com,github)/mathelab/altre 201703 oa_pdf/13/09/btw688.PMC5408819.pdf class_pmc GitHub
https://github.com/tatumdmortimer/t7ss com,github)/tatumdmortimer/t7ss 201703 oa_pdf/26/a2/evx001.PMC5381665.pdf class_pmc GitHub
https://github.com/t com,github)/t 201703 oa_pdf/26/a2/evx001.PMC5381665.pdf class_pmc GitHub
https://github.com/tatum com,github)/tatum 201703 oa_pdf/26/a2/evx001.PMC5381665.pdf class_pmc GitHub
https://github.com/hoerldavid/cellcyclefit com,github)/hoerldavid/cellcyclefit 201703 oa_pdf/2a/82/10.1177_1087057116677821.PMC5322830.pdf class_pmc GitHub
https://github.com/karenbell/rbcl-dual-index-metabarcoding com,github)/karenbell/rbcl-dual-index-metabarcoding 201703 oa_pdf/34/a7/apps.1600110.PMC5357121.pdf class_pmc GitHub
https://github.com/jstjohn/seqprep com,github)/jstjohn/seqprep 201703 oa_pdf/3d/02/apps.1600104.PMC5357120.pdf class_pmc GitHub
https://github.com/najoshi/sickle com,github)/najoshi/sickle 201703 oa_pdf/3d/02/apps.1600104.PMC5357120.pdf class_pmc GitHub
https://github.com/msettles/exphts com,github)/msettles/exphts 201703 oa_pdf/4d/6d/evx034.PMC5381554.pdf class_pmc GitHub
http://www.github.com/bricesarver/pseudo-it com,github)/bricesarver/pseudo-it 201703 oa_pdf/4d/6d/evx034.PMC5381554.pdf class_pmc GitHub
http://github.com/broadinstitute/ com,github)/broadinstitute 201703 oa_pdf/4d/6d/evx034.PMC5381554.pdf class_pmc GitHub
http://github.com/bioasp/caspo com,github)/bioasp/caspo 201703 oa_pdf/4e/1b/btw738.PMC5351548.pdf class_pmc GitHub
https://github.com/markcharder/generalbioinformaticsscripts/blob/master/reciprocalbesthitsblast.pl com,github)/markcharder/generalbioinformaticsscripts/blob/master/reciprocalbesthitsblast.pl 201703 oa_pdf/91/16/evx030.PMC5381539.pdf class_pmc GitHub
https://github.com/markcharder/ com,github)/markcharder 201703 oa_pdf/91/16/evx030.PMC5381539.pdf class_pmc GitHub
https://github.com/markcharder/generalbioinformaticsscripts/blob/master/effector_pipeline.sh com,github)/markcharder/generalbioinformaticsscripts/blob/master/effector_pipeline.sh 201703 oa_pdf/91/16/evx030.PMC5381539.pdf class_pmc GitHub
https://github.com/udi-binshtok/dimensionless-equations-simulator_-february-2017.git com,github)/udi-binshtok/dimensionless-equations-simulator_-february-2017.git 201703 oa_pdf/96/cc/emss-72369.PMC5435110.pdf class_pmc GitHub
https://github.com/udi-binshtok/dimensionless-equations-simulator_-february-2017.giteurope com,github)/udi-binshtok/dimensionless-equations-simulator_-february-2017.giteurope 201703 oa_pdf/96/cc/emss-72369.PMC5435110.pdf class_pmc GitHub
https://github.com/lsgh/ismb15 com,github)/lsgh/ismb15 201703 oa_pdf/a8/4a/idr-10-085.PMC5354526.pdf class_pmc GitHub
http://github.com/mapequation/bioregions com,github)/mapequation/bioregions 201703 oa_pdf/b4/47/syw087.PMC5410963.pdf class_pmc GitHub
https://github.com/jstjohn/ com,github)/jstjohn 201703 oa_pdf/b6/dd/471.PMC5340974.pdf class_pmc GitHub
https://github.com/comai-lab/allprep com,github)/comai-lab/allprep 201703 oa_pdf/b6/dd/471.PMC5340974.pdf class_pmc GitHub
https://github.com/aleimba/bac-genomics- com,github)/aleimba/bac-genomics- 201703 oa_pdf/b7/7c/evx022.PMC5381553.pdf class_pmc GitHub
https://github.com/g100dkfz/ com,github)/g100dkfz 201703 oa_pdf/b8/d2/main.PMC5363413.pdf class_pmc GitHub
https://github.com/lmsolden/protpipeliner com,github)/lmsolden/protpipeliner 201703 oa_pdf/c5/8f/ismej2016150a.PMC5322302.pdf class_pmc GitHub
https://github.com/lmsolden/qiime-pipeline com,github)/lmsolden/qiime-pipeline 201703 oa_pdf/c5/8f/ismej2016150a.PMC5322302.pdf class_pmc GitHub
https://github.com/stan-dev/stan/releases/download/v2.9.0/stan-reference-2.9.0.pdf com,github)/stan-dev/stan/releases/download/v2.9.0/stan-reference-2.9.0.pdf 201703 oa_pdf/c7/2f/67_16027.PMC5445959.pdf class_pmc GitHub
https://github.com/tchitchek-lab/spadevizr.contact: com,github)/tchitchek-lab/spadevizr.contact: 201703 oa_pdf/d7/92/btw708.PMC5408860.pdf class_pmc GitHub
https://github.com/orgs/novartis com,github)/orgs/novartis 201703 oa_pdf/d8/43/10.1177_1087057116679993.PMC5322829.pdf class_pmc GitHub
https://github.com/earnshawlab/nanorf com,github)/earnshawlab/nanorf 201703 oa_pdf/de/70/673.PMC5328625.pdf class_pmc GitHub
https://github.com/nandadorea/vetsyn com,github)/nandadorea/vetsyn 201703 oa_pdf/e5/61/copd-12-947.PMC5365327.pdf class_pmc GitHub
https://github.com/zhanyinx/catch_r com,github)/zhanyinx/catch_r 201703 oa_pdf/f0/9e/479.PMC5340975.pdf class_pmc GitHub
https://github.com/brentp/cyvcf2 com,github)/brentp/cyvcf2 201703 oa_pdf/fa/12/main.PMC5339084.pdf class_pmc GitHub
http://github.com/ekg/freebayes com,github)/ekg/freebayes 201312 oa_pdf/05/84/gni-11-191.PMC3897846.pdf class_pmc GitHub
https://github.com/marcelm/cutadapt com,github)/marcelm/cutadapt 201312 oa_pdf/05/84/gni-11-191.PMC3897846.pdf class_pmc GitHub
https://github.com/csmiller/emirge com,github)/csmiller/emirge 201312 oa_pdf/18/bf/gkt1070.PMC3905898.pdf class_pmc GitHub
https://github.com/bgsu-rna/jar3d com,github)/bgsu-rna/jar3d 201607 oa_pdf/0a/3c/gkw453.PMC4987954.pdf class_pmc GitHub
https://github.com/tanghaibao/goatools com,github)/tanghaibao/goatools 201607 oa_pdf/0d/e0/gkw492.PMC5291267.pdf class_pmc GitHub
https://github.com/jdstorey/ com,github)/jdstorey 201607 oa_pdf/17/a4/main.PMC5247316.pdf class_pmc GitHub
https://github.com/widdowquinn/ com,github)/widdowquinn 201607 oa_pdf/23/33/bmfh-35-173.PMC5107635.pdf class_pmc GitHub
https://github.com/andronovl/sharpvisu.contact: com,github)/andronovl/sharpvisu.contact: 201607 oa_pdf/2b/34/btw123.PMC4937188.pdf class_pmc GitHub
https://github.com/gabaldonlab/ com,github)/gabaldonlab 201607 oa_pdf/2f/11/gkw294.PMC4937319.pdf class_pmc GitHub
https://github.com/gabaldonlab/redundans com,github)/gabaldonlab/redundans 201607 oa_pdf/2f/11/gkw294.PMC4937319.pdf class_pmc GitHub
https://github.com/gabaldonlab/redundans com,github)/gabaldonlab/redundans 201607 oa_pdf/2f/11/gkw294.PMC4937319.pdf class_pmc GitHub
https://github.com/functionlab/giant-api com,github)/functionlab/giant-api 201607 oa_pdf/35/29/gkw289.PMC4987882.pdf class_pmc GitHub
https://github.com/yjx1217/ com,github)/yjx1217 201607 oa_pdf/3b/d4/evw158.PMC5010895.pdf class_pmc GitHub
https://github.com/biobanking/biobanking com,github)/biobanking/biobanking 201607 oa_pdf/44/71/ocv213.PMC4926738.pdf class_pmc GitHub
https://github.com/clinicalml/anchorexplorer com,github)/clinicalml/anchorexplorer 201607 oa_pdf/51/a1/ocw011.PMC4926745.pdf class_pmc GitHub
https://github.com/phpredis/phpredis com,github)/phpredis/phpredis 201607 oa_pdf/63/c2/gkw380.PMC4987926.pdf class_pmc GitHub
https://github.com/aalto-ics-kepaco com,github)/aalto-ics-kepaco 201607 oa_pdf/65/60/btw052.PMC4920109.pdf class_pmc GitHub
https://github.com/trinityrnaseq/ com,github)/trinityrnaseq 201607 oa_pdf/6a/df/evw169.PMC5010903.pdf class_pmc GitHub
https://github.com/trinityrnaseq/trinityrna- com,github)/trinityrnaseq/trinityrna- 201607 oa_pdf/6a/df/evw169.PMC5010903.pdf class_pmc GitHub
https://github.com/davfre/gostatsplus/ com,github)/davfre/gostatsplus 201607 oa_pdf/6a/df/evw169.PMC5010903.pdf class_pmc GitHub
https://github.com/broadinstitute/viral-ngs com,github)/broadinstitute/viral-ngs 201607 oa_pdf/83/af/jove-113-54117.PMC4993327.pdf class_pmc GitHub
https://github.com/rstraver/ com,github)/rstraver 201607 oa_pdf/88/5b/PD-36-614.PMC5111749.pdf class_pmc GitHub
https://github.com/lskatz/lskscripts com,github)/lskatz/lskscripts 201607 oa_pdf/8b/b7/main.PMC5006800.pdf class_pmc GitHub
https://github.com/revbayes com,github)/revbayes 201607 oa_pdf/95/3a/syw021.PMC4911942.pdf class_pmc GitHub
https://github.com/ctlab/gam com,github)/ctlab/gam 201607 oa_pdf/97/6b/gkw266.PMC4987878.pdf class_pmc GitHub
https://github.com/ctlab/ com,github)/ctlab 201607 oa_pdf/97/6b/gkw266.PMC4987878.pdf class_pmc GitHub
http://github.com/srnas/ff com,github)/srnas/ff 201607 oa_pdf/9e/cd/gkw239.PMC4937309.pdf class_pmc GitHub
https://github.com/srnas/ com,github)/srnas 201607 oa_pdf/9e/cd/gkw239.PMC4937309.pdf class_pmc GitHub
https://github.com/ma-compbio/weaver com,github)/ma-compbio/weaver 201607 oa_pdf/bc/cb/nihms792109.PMC4965314.pdf class_pmc GitHub
https://github.com/sbabicki/ com,github)/sbabicki 201607 oa_pdf/be/a7/gkw419.PMC4987948.pdf class_pmc GitHub
https://github.com/chjj/marked com,github)/chjj/marked 201607 oa_pdf/bf/78/gkw385.PMC4987930.pdf class_pmc GitHub
https://github.com/expressionanalysis/ea-utils com,github)/expressionanalysis/ea-utils 201607 oa_pdf/d0/85/ofw146.PMC5047424.pdf class_pmc GitHub
https://github.com/omerwe/mklmm com,github)/omerwe/mklmm 201607 oa_pdf/d1/09/969.PMC4937570.pdf class_pmc GitHub
https://github.com/sandyjmacdonald/ com,github)/sandyjmacdonald 201607 oa_pdf/d6/c5/fiw095.PMC4892715.pdf class_pmc GitHub
https://github.com/najoshi/sickle com,github)/najoshi/sickle 201607 oa_pdf/d6/c5/fiw095.PMC4892715.pdf class_pmc GitHub
http://github.com/seandavi/ngcgh com,github)/seandavi/ngcgh 201607 oa_pdf/ec/89/medi-95-e4109.PMC5058842.pdf class_pmc GitHub
https://github.com/najoshi/sickle com,github)/najoshi/sickle 201308 oa_pdf/29/57/ncomms3120.PMC3903129.pdf class_pmc GitHub
https://github.com/jstjohn/seqprep com,github)/jstjohn/seqprep 201309 oa_pdf/90/b3/rrt014.PMC3766286.pdf class_pmc GitHub
http://github.com/ppgardne/rnie com,github)/ppgardne/rnie 201108 oa_pdf/1c/fb/gkr168.PMC3152330.pdf class_pmc GitHub
https://github.com/kule com,github)/kule 201606 oa_pdf/05/8e/btw267.PMC4908351.pdf class_pmc GitHub
https://github.com/soltislab/transcriptome_microsats com,github)/soltislab/transcriptome_microsats 201606 oa_pdf/0f/b3/apps.1600024.PMC4915922.pdf class_pmc GitHub
https://github.com/nservant/hic-pro com,github)/nservant/hic-pro 201606 oa_pdf/22/f7/1357.PMC4926860.pdf class_pmc GitHub
https://github.com/opentrons/ com,github)/opentrons 201606 oa_pdf/23/5f/hum.2015.172.PMC4931509.pdf class_pmc GitHub
https://github.com/rca com,github)/rca 201606 oa_pdf/4a/91/kepi-11-07-1183856.PMC4939917.pdf class_pmc GitHub
https://github.com/astrazeneca-ngs/vardictjava com,github)/astrazeneca-ngs/vardictjava 201606 oa_pdf/4b/5a/gkw227.PMC4914105.pdf class_pmc GitHub
https://github.com/astrazeneca-ngs/vardict com,github)/astrazeneca-ngs/vardict 201606 oa_pdf/4b/5a/gkw227.PMC4914105.pdf class_pmc GitHub
https://github.com/uci-cbcl/polyacode.deciphering com,github)/uci-cbcl/polyacode.deciphering 201606 oa_pdf/50/7b/813.PMC4878608.pdf class_pmc GitHub
https://github.com/uci-cbcl/polyacode/blob/master/features_annotation.xls.prediction com,github)/uci-cbcl/polyacode/blob/master/features_annotation.xls.prediction 201606 oa_pdf/50/7b/813.PMC4878608.pdf class_pmc GitHub
https://github.com/javonsun/mvbc.git com,github)/javonsun/mvbc.git 201606 oa_pdf/5b/1f/btw278.PMC4908362.pdf class_pmc GitHub
https://github.com/lh3/seqtk com,github)/lh3/seqtk 201606 oa_pdf/5b/9f/main.PMC4972527.pdf class_pmc GitHub
https://github.com/hilldr/tsai_lgr5_ com,github)/hilldr/tsai_lgr5_ 201606 oa_pdf/60/6a/main.PMC5042889.pdf class_pmc GitHub
https://github.com/probic/diffsplicing com,github)/probic/diffsplicing 201606 oa_pdf/60/f7/btw283.PMC4908367.pdf class_pmc GitHub
https://github.com/wangxiao1254/idash_competition com,github)/wangxiao1254/idash_competition 201606 oa_pdf/69/c8/btw073.PMC4908319.pdf class_pmc GitHub
https://github.com/biocore/american-gut/tree/master/data com,github)/biocore/american-gut/tree/master/data 201606 oa_pdf/69/c8/btw073.PMC4908319.pdf class_pmc GitHub
http://www.github.com/vertnet/api-geospatial com,github)/vertnet/api-geospatial 201606 oa_pdf/6e/4f/btw057.PMC4892415.pdf class_pmc GitHub
https://github.com/swillner/colour-map com,github)/swillner/colour-map 201606 oa_pdf/6e/de/1501026.PMC4928955.pdf class_pmc GitHub
https://github.com/mri-monitoring/mri-docs/blob/master/mriapp.rst com,github)/mri-monitoring/mri-docs/blob/master/mriapp.rst 201606 oa_pdf/77/c7/btw255.PMC4908339.pdf class_pmc GitHub
https://github.com/marcottelab/ com,github)/marcottelab 201606 oa_pdf/79/00/evw113.PMC4943184.pdf class_pmc GitHub
https://github.com/marcottelab/gene-ages com,github)/marcottelab/gene-ages 201606 oa_pdf/79/00/evw113.PMC4943184.pdf class_pmc GitHub
https://github.com/marcottelab/gene-ages/tree/ com,github)/marcottelab/gene-ages/tree 201606 oa_pdf/79/00/evw113.PMC4943184.pdf class_pmc GitHub
https://github.com/gem-pasteur/integron com,github)/gem-pasteur/integron 201606 oa_pdf/85/b1/gkw319.PMC4889954.pdf class_pmc GitHub
https://github.com/bm2-lab/cage com,github)/bm2-lab/cage 201606 oa_pdf/86/ab/mtna201635a.PMC5022128.pdf class_pmc GitHub
https://github.com/combine- com,github)/combine- 201606 oa_pdf/88/dc/btw277.PMC4908361.pdf class_pmc GitHub
https://github.com/fchollet/keras com,github)/fchollet/keras 201606 oa_pdf/91/21/gkw226.PMC4914104.pdf class_pmc GitHub
http://github.com/uci-cbcl/danq com,github)/uci-cbcl/danq 201606 oa_pdf/91/21/gkw226.PMC4914104.pdf class_pmc GitHub
https://github.com/tqchen/ com,github)/tqchen 201606 oa_pdf/91/21/gkw226.PMC4914104.pdf class_pmc GitHub
https://github.com/simsem/semtools/wiki com,github)/simsem/semtools/wiki 201606 oa_pdf/97/41/main.PMC4927667.pdf class_pmc GitHub
https://github.com/karroje/phraider com,github)/karroje/phraider 201606 oa_pdf/9d/3b/btw258.PMC4908342.pdf class_pmc GitHub
http://github.com/marinkaz/medusa com,github)/marinkaz/medusa 201606 oa_pdf/a1/1b/btw247.PMC4908331.pdf class_pmc GitHub
https://github.com/gcollet/mststx com,github)/gcollet/mststx 201606 oa_pdf/a4/37/gkw188.PMC4889940.pdf class_pmc GitHub
https://github.com/google/or-tools com,github)/google/or-tools 201606 oa_pdf/a7/f4/btw265.PMC4908349.pdf class_pmc GitHub
https://github.com/schulzlab/kreation.supplementary com,github)/schulzlab/kreation.supplementary 201606 oa_pdf/b1/29/btw217.PMC4892416.pdf class_pmc GitHub
https://github.com/micahgearhart/dux4 com,github)/micahgearhart/dux4 201606 oa_pdf/ba/98/gkw141.PMC4914088.pdf class_pmc GitHub
https://github.com/micahgearhart/ com,github)/micahgearhart 201606 oa_pdf/ba/98/gkw141.PMC4914088.pdf class_pmc GitHub
https://github.com/kbroman/simcross com,github)/kbroman/simcross 201606 oa_pdf/bb/4c/msw036.PMC4868115.pdf class_pmc GitHub
https://github.com/andrewparkermorgan/r2d2-selfish-sweep com,github)/andrewparkermorgan/r2d2-selfish-sweep 201606 oa_pdf/bb/4c/msw036.PMC4868115.pdf class_pmc GitHub
https://github.com/hitbc/debwt com,github)/hitbc/debwt 201606 oa_pdf/d5/d6/btw266.PMC4908350.pdf class_pmc GitHub
https://github.com/amkozlov/sativa com,github)/amkozlov/sativa 201606 oa_pdf/d9/04/gkw396.PMC4914121.pdf class_pmc GitHub
https://github.com/amkozlov/mislabels16-data com,github)/amkozlov/mislabels16-data 201606 oa_pdf/d9/04/gkw396.PMC4914121.pdf class_pmc GitHub
https://github.com/iarcbioinfo/ com,github)/iarcbioinfo 201606 oa_pdf/eb/65/main.PMC5036515.pdf class_pmc GitHub
https://github.com/compgenomics/metpeak com,github)/compgenomics/metpeak 201606 oa_pdf/ec/e1/btw281.PMC4908365.pdf class_pmc GitHub
https://github.com/hillerlab/cesar/ com,github)/hillerlab/cesar 201606 oa_pdf/ee/02/gkw210.PMC4914097.pdf class_pmc GitHub
https://github.com/igs/disease-ontology com,github)/igs/disease-ontology 201201 oa_pdf/3f/6d/gkr972.PMC3245088.pdf class_pmc GitHub
https://github.com/sanger-pathogens/ com,github)/sanger-pathogens 201201 oa_pdf/64/12/gkr1032.PMC3245030.pdf class_pmc GitHub
https://github.com/bhaibeka/ com,github)/bhaibeka 201201 oa_pdf/f6/b7/gkr1050.PMC3245161.pdf class_pmc GitHub
https://github.com/pimbongaerts/radseq com,github)/pimbongaerts/radseq 201702 oa_pdf/15/d0/1602373.PMC5310828.pdf class_pmc GitHub
https://github.com/pimbongaerts/bermuda-rad com,github)/pimbongaerts/bermuda-rad 201702 oa_pdf/15/d0/1602373.PMC5310828.pdf class_pmc GitHub
https://github.com/clinicallaboratory/ com,github)/clinicallaboratory 201702 oa_pdf/27/e0/JPI-8-7.PMC5359993.pdf class_pmc GitHub
https://github.com/genome/ba com,github)/genome/ba 201702 oa_pdf/2b/25/CAS-108-170.PMC5329159.pdf class_pmc GitHub
https://github.com/lucaambrosino/transcriptologs.git com,github)/lucaambrosino/transcriptologs.git 201702 oa_pdf/3d/31/10.1177_1177932217690136.PMC5348085.pdf class_pmc GitHub
https://github.com/voigtlab/mit- com,github)/voigtlab/mit- 201702 oa_pdf/40/37/gkw1226.PMC5388403.pdf class_pmc GitHub
https://github.com/voigtlab/ com,github)/voigtlab 201702 oa_pdf/40/37/gkw1226.PMC5388403.pdf class_pmc GitHub
https://github.com/voigtlab/mit- com,github)/voigtlab/mit- 201702 oa_pdf/40/37/gkw1226.PMC5388403.pdf class_pmc GitHub
https://github.com/wtsi-svi/readserver com,github)/wtsi-svi/readserver 201702 oa_pdf/49/98/300.PMC5287235.pdf class_pmc GitHub
https://github.com/iqbal-lab/cortex com,github)/iqbal-lab/cortex 201702 oa_pdf/49/98/300.PMC5287235.pdf class_pmc GitHub
https://github.com/wtsi-svi/readserver com,github)/wtsi-svi/readserver 201702 oa_pdf/49/98/300.PMC5287235.pdf class_pmc GitHub
https://github.com/iqbal-lab/cortex com,github)/iqbal-lab/cortex 201702 oa_pdf/49/98/300.PMC5287235.pdf class_pmc GitHub
https://github.com/aldenleung/omblast com,github)/aldenleung/omblast 201702 oa_pdf/4b/c2/btw620.PMC5409310.pdf class_pmc GitHub
https://github.com/davidecarnevali/sinesfind com,github)/davidecarnevali/sinesfind 201702 oa_pdf/4e/4d/dsw048.PMC5381342.pdf class_pmc GitHub
https://github.com/muschellij2/ichseg com,github)/muschellij2/ichseg 201702 oa_pdf/54/9b/main.PMC5328741.pdf class_pmc GitHub
https://github.com/trinityrnaseq/trinityrnaseq/wiki com,github)/trinityrnaseq/trinityrnaseq/wiki 201702 oa_pdf/5c/46/apps.1600126.PMC5315380.pdf class_pmc GitHub
http://github.com/shamir-lab/recycler com,github)/shamir-lab/recycler 201702 oa_pdf/6c/2c/btw651.PMC5408804.pdf class_pmc GitHub
https://github.com/rozovr/bear com,github)/rozovr/bear 201702 oa_pdf/6c/2c/btw651.PMC5408804.pdf class_pmc GitHub
https://github.com/feltus/bdss com,github)/feltus/bdss 201702 oa_pdf/6c/da/btw679.PMC5408802.pdf class_pmc GitHub
https://github.com/nanospd/nanospd com,github)/nanospd/nanospd 201702 oa_pdf/7d/25/463.PMC5341729.pdf class_pmc GitHub
https://github.com/najoshi/sickle com,github)/najoshi/sickle 201702 oa_pdf/a6/88/evx008.PMC5381671.pdf class_pmc GitHub
http://github.com/flishwnag/3dec com,github)/flishwnag/3dec 201702 oa_pdf/aa/ed/srep41348.PMC5316982.pdf class_pmc GitHub
https://github.com/timmassingham/ayb2/ com,github)/timmassingham/ayb2 201702 oa_pdf/aa/ed/srep41348.PMC5316982.pdf class_pmc GitHub
http://github.com/flishwnag/3dec com,github)/flishwnag/3dec 201702 oa_pdf/aa/ed/srep41348.PMC5316982.pdf class_pmc GitHub
https://github.com/chrismaherlab/ com,github)/chrismaherlab 201702 oa_pdf/cd/d5/btw674.PMC5408800.pdf class_pmc GitHub
https://github.com/plijnzaad/phto com,github)/plijnzaad/phto 201702 oa_pdf/d3/12/EMBJ-36-274.PMC5286361.pdf class_pmc GitHub
https://github.com/yago1994/phantom-designs-pho- com,github)/yago1994/phantom-designs-pho- 201702 oa_pdf/d7/98/main.PMC5314822.pdf class_pmc GitHub
https://github.com/yago1994/phan- com,github)/yago1994/phan- 201702 oa_pdf/d7/98/main.PMC5314822.pdf class_pmc GitHub
https://github.com/martombo/nmdseq com,github)/martombo/nmdseq 201702 oa_pdf/dc/f4/189.PMC5238794.pdf class_pmc GitHub
https://github.com/iontorrent/tmap com,github)/iontorrent/tmap 201702 oa_pdf/f5/35/10.1177_1176934316686072.PMC5395265.pdf class_pmc GitHub
https://github.com/compmem/ com,github)/compmem 201305 oa_pdf/cb/9b/424_2013_Article_1286.PMC3778897.pdf class_pmc GitHub
https://github.com/bimsbbioinfo/rcas com,github)/bimsbbioinfo/rcas 201610 oa_pdf/0e/2e/heco-28-216.PMC5351798.pdf class_pmc GitHub
https://github.com/zuoxinian/ccs com,github)/zuoxinian/ccs 201610 oa_pdf/1a/87/bhw241.PMC5066830.pdf class_pmc GitHub
https://github.com/rander38/remote-sensing-indices-derivation-tool com,github)/rander38/remote-sensing-indices-derivation-tool 201610 oa_pdf/1d/22/jove-116-54578.PMC5092193.pdf class_pmc GitHub
https://github.com/manchesterbioinference/detime com,github)/manchesterbioinference/detime 201610 oa_pdf/1e/c9/btw329.PMC5039917.pdf class_pmc GitHub
https://github.com/noise42/ com,github)/noise42 201610 oa_pdf/24/f1/gkw750.PMC5062999.pdf class_pmc GitHub
https://github.com/gifford-lab/ com,github)/gifford-lab 201610 oa_pdf/40/0e/1522.PMC5029451.pdf class_pmc GitHub
https://github.com/rachelss/sisrs/releases com,github)/rachelss/sisrs/releases 201610 oa_pdf/43/a4/apps.1600091.PMC5077287.pdf class_pmc GitHub
http://github.com/jdstorey/qvalue com,github)/jdstorey/qvalue 201610 oa_pdf/58/f3/msw151.PMC5026260.pdf class_pmc GitHub
https://github.com/petebio/intron_coevolution com,github)/petebio/intron_coevolution 201610 oa_pdf/58/f3/msw151.PMC5026260.pdf class_pmc GitHub
https://github.com/jfass/ com,github)/jfass 201610 oa_pdf/6f/7a/dsw026.PMC5066169.pdf class_pmc GitHub
https://github.com/pacificbiosciences/falcon-integrate com,github)/pacificbiosciences/falcon-integrate 201610 oa_pdf/8a/07/btw370.PMC5048067.pdf class_pmc GitHub
https://github.com/bricesarver/ com,github)/bricesarver 201610 oa_pdf/90/7a/evw254.PMC5381575.pdf class_pmc GitHub
https://github.com/ibest/seqyclean com,github)/ibest/seqyclean 201610 oa_pdf/90/7a/evw254.PMC5381575.pdf class_pmc GitHub
https://github.com/edsgard/scphasercontact: com,github)/edsgard/scphasercontact: 201610 oa_pdf/b7/a7/btw484.PMC5039928.pdf class_pmc GitHub
https://github.com/lh3/seqtk com,github)/lh3/seqtk 201610 oa_pdf/b9/90/main.PMC5065634.pdf class_pmc GitHub
https://github.com/flemingtonlab/public com,github)/flemingtonlab/public 201610 oa_pdf/c6/bc/gkw629.PMC5062983.pdf class_pmc GitHub
https://github.com/flemingtonlab/public com,github)/flemingtonlab/public 201610 oa_pdf/c6/bc/gkw629.PMC5062983.pdf class_pmc GitHub
https://github.com/davidcsterratt/ com,github)/davidcsterratt 201610 oa_pdf/c8/f7/TPJ-88-328.PMC5113706.pdf class_pmc GitHub
https://github.com/joseaccruz/simplemousetracker com,github)/joseaccruz/simplemousetracker 201407 oa_pdf/08/5a/ncomms5315.PMC4102112.pdf class_pmc GitHub
https://github.com/joseaccruz/simplemousetracker com,github)/joseaccruz/simplemousetracker 201407 oa_pdf/08/5a/ncomms5315.PMC4102112.pdf class_pmc GitHub
https://github.com/heaslon/easy-leaf-area com,github)/heaslon/easy-leaf-area 201407 oa_pdf/47/82/apps.1400033.PMC4103476.pdf class_pmc GitHub
https://github.com/heaslon/ com,github)/heaslon 201407 oa_pdf/47/82/apps.1400033.PMC4103476.pdf class_pmc GitHub
https://github.com/heaslon/easy-leaf-area com,github)/heaslon/easy-leaf-area 201407 oa_pdf/47/82/apps.1400033.PMC4103476.pdf class_pmc GitHub
https://github.com/heaslon/easy-leaf-area/blob/master/elainstructions.txt com,github)/heaslon/easy-leaf-area/blob/master/elainstructions.txt 201407 oa_pdf/47/82/apps.1400033.PMC4103476.pdf class_pmc GitHub
https://github.com/heaslon/easy-leaf-area/blob/master/distortionsheet.jpg com,github)/heaslon/easy-leaf-area/blob/master/distortionsheet.jpg 201407 oa_pdf/47/82/apps.1400033.PMC4103476.pdf class_pmc GitHub
https://github.com/rhentofs/ com,github)/rhentofs 201407 oa_pdf/5d/7f/gku326.PMC4066760.pdf class_pmc GitHub
https://github.com/stevend com,github)/stevend 201407 oa_pdf/78/eb/main.PMC4266007.pdf class_pmc GitHub
http://github.com/collaslab/edd com,github)/collaslab/edd 201407 oa_pdf/8c/d7/gku324.PMC4066758.pdf class_pmc GitHub
https://github.com/hquery com,github)/hquery 201407 oa_pdf/9c/9b/amiajnl-2014-002707.PMC4078284.pdf class_pmc GitHub
https://github.com/federicov/ com,github)/federicov 201503 oa_pdf/0d/1d/main.PMC4400614.pdf class_pmc GitHub
https://github.com/esling/mistagging com,github)/esling/mistagging 201503 oa_pdf/1e/e4/gkv107.PMC4357712.pdf class_pmc GitHub
https://github.com/roxanahickey/adolescent com,github)/roxanahickey/adolescent 201503 oa_pdf/53/2c/mBio.00097-15.PMC4453513.pdf class_pmc GitHub
https://github.com/roxanahickey/adolescent/blob/master/03-community-dynamics.md com,github)/roxanahickey/adolescent/blob/master/03-community-dynamics.md 201503 oa_pdf/53/2c/mBio.00097-15.PMC4453513.pdf class_pmc GitHub
https://github.com/universityofwarwick/ com,github)/universityofwarwick 201503 oa_pdf/5d/8c/gkv123.PMC4357724.pdf class_pmc GitHub
https://github.com/ucdavis-bioinformatics/scythe com,github)/ucdavis-bioinformatics/scythe 201503 oa_pdf/80/ac/mBio.02287-14.PMC4453571.pdf class_pmc GitHub
https://github.com/alekseyenko/tw2 com,github)/alekseyenko/tw2 201503 oa_pdf/93/05/ijn-10-2423.PMC4381634.pdf class_pmc GitHub
https://github.com/groupschoof/ahrd com,github)/groupschoof/ahrd 201503 oa_pdf/cf/ea/msu343.PMC4327159.pdf class_pmc GitHub
https://github.com/qiime/platypus com,github)/qiime/platypus 201503 oa_pdf/f7/42/jsfa0095-1116.PMC4368374.pdf class_pmc GitHub
https://github.com/s com,github)/s 201411 oa_pdf/53/4e/41586_2014_Article_BFnature13972.PMC4405208.pdf class_pmc GitHub
https://github.com/stamlab/network-motifs com,github)/stamlab/network-motifs 201411 oa_pdf/53/4e/41586_2014_Article_BFnature13972.PMC4405208.pdf class_pmc GitHub
https://github.com/chb/sample_ccdas com,github)/chb/sample_ccdas 201411 oa_pdf/9d/2f/amiajnl-2014-002883.PMC4215060.pdf class_pmc GitHub
https://github.com/chb/sample_ccdas com,github)/chb/sample_ccdas 201411 oa_pdf/9d/2f/amiajnl-2014-002883.PMC4215060.pdf class_pmc GitHub
https://github.com/daslab/na_thermo com,github)/daslab/na_thermo 201411 oa_pdf/a6/e4/1815.PMC4201832.pdf class_pmc GitHub
https://github.com/hitrace com,github)/hitrace 201411 oa_pdf/a6/e4/1815.PMC4201832.pdf class_pmc GitHub
https://github.com/augusthuang/mosaichunter com,github)/augusthuang/mosaichunter 201411 oa_pdf/d7/41/cr2014131a.PMC4220156.pdf class_pmc GitHub
https://github.com/jdtournier/mrtrix3 com,github)/jdtournier/mrtrix3 201508 oa_pdf/02/ff/main.PMC4561673.pdf class_pmc GitHub
http://github.com/exascience/elprep com,github)/exascience/elprep 201508 oa_pdf/2d/0e/btv179.PMC4514927.pdf class_pmc GitHub
https://github.com/abatelab/ com,github)/abatelab 201508 oa_pdf/95/32/ijn-10-5513.PMC4560511.pdf class_pmc GitHub
https://github.com/sta com,github)/sta 201508 oa_pdf/aa/3d/btv184.PMC4514929.pdf class_pmc GitHub
https://github.com/espresso-research com,github)/espresso-research 201508 oa_pdf/c8/64/btv219.PMC4528636.pdf class_pmc GitHub
https://github.com/atmartens/ribosome com,github)/atmartens/ribosome 201504 oa_pdf/04/0b/gkv200.PMC4402525.pdf class_pmc GitHub
https://github.com/tjbrunette/endonuclease com,github)/tjbrunette/endonuclease 201504 oa_pdf/36/1b/ndt-11-1031.PMC4401357.pdf class_pmc GitHub
http://github.com/eturro/ com,github)/eturro 201504 oa_pdf/36/7f/504.PMC4381522.pdf class_pmc GitHub
http://github.com/biocore/american-gut com,github)/biocore/american-gut 201504 oa_pdf/7b/e0/1500183.PMC4517851.pdf class_pmc GitHub
https://github.com/ck7/synteny com,github)/ck7/synteny 201504 oa_pdf/80/00/534.PMC4381525.pdf class_pmc GitHub
https://github.com/ck7/esom/blob/master/prepare_esom_files.pl com,github)/ck7/esom/blob/master/prepare_esom_files.pl 201504 oa_pdf/80/00/534.PMC4381525.pdf class_pmc GitHub
https://github.com/najoshi/sickle com,github)/najoshi/sickle 201504 oa_pdf/80/00/534.PMC4381525.pdf class_pmc GitHub
https://github.com/ck7/lola com,github)/ck7/lola 201504 oa_pdf/80/00/534.PMC4381525.pdf class_pmc GitHub
https://github.com/vqv/ggbiplot com,github)/vqv/ggbiplot 201504 oa_pdf/81/9a/cne0523-0869.PMC4354442.pdf class_pmc GitHub
https://github.com/vqv/ggbiplot com,github)/vqv/ggbiplot 201504 oa_pdf/81/9a/cne0523-0869.PMC4354442.pdf class_pmc GitHub
https://github.com/stamatak/ com,github)/stamatak 201504 oa_pdf/a0/31/mec0024-1774.PMC4413360.pdf class_pmc GitHub
https://github.com/stamatak/standard-raxml com,github)/stamatak/standard-raxml 201504 oa_pdf/b0/97/pthy-47-199.PMC4389090.pdf class_pmc GitHub
https://github.com/ekg/freebayes com,github)/ekg/freebayes 201504 oa_pdf/b0/97/pthy-47-199.PMC4389090.pdf class_pmc GitHub
https://github.com/katholt/srst2 com,github)/katholt/srst2 201504 oa_pdf/b0/97/pthy-47-199.PMC4389090.pdf class_pmc GitHub
https://github.com/arq5x/ com,github)/arq5x 201504 oa_pdf/fe/e8/gkv269.PMC4417176.pdf class_pmc GitHub
https://github.com/najoshi/sabre com,github)/najoshi/sabre 201512 oa_pdf/21/7d/gkv1259.PMC4678831.pdf class_pmc GitHub
https://github.com/dusanac/peakcalc com,github)/dusanac/peakcalc 201512 oa_pdf/3c/4c/apps.1500044.PMC4683038.pdf class_pmc GitHub
https://github.com/evolucionario/fossilgraft com,github)/evolucionario/fossilgraft 201512 oa_pdf/5d/06/1501005.PMC4730849.pdf class_pmc GitHub
https://github.com/kyungeunlee/motif com,github)/kyungeunlee/motif 201512 oa_pdf/9a/d4/gni-13-152.PMC4742326.pdf class_pmc GitHub
https://github.com/kyungeunlee/motif com,github)/kyungeunlee/motif 201512 oa_pdf/9a/d4/gni-13-152.PMC4742326.pdf class_pmc GitHub
https://github.com/zhanxw/rvtests com,github)/zhanxw/rvtests 201512 oa_pdf/b0/30/GEPI-39-619.PMC4794281.pdf class_pmc GitHub
https://github.com/zuoxinian/ccs com,github)/zuoxinian/ccs 201512 oa_pdf/b2/b3/HBM-37-1178.PMC5064618.pdf class_pmc GitHub
https://github.com/pedroj/ms_carbon com,github)/pedroj/ms_carbon 201512 oa_pdf/cf/3a/1501105.PMC4730851.pdf class_pmc GitHub
https://github.com/ekg/freebayes com,github)/ekg/freebayes 201512 oa_pdf/de/e3/nihms737729.PMC4672724.pdf class_pmc GitHub
https://github.com/sorgerlab/eydgahi_et_al_bayesian_estimation com,github)/sorgerlab/eydgahi_et_al_bayesian_estimation 201302 oa_pdf/97/e5/msb201269.PMC3588908.pdf class_pmc GitHub
https://github.com/sorgerlab/eydgahi_et_al_bayesian_estimation/zipball/master com,github)/sorgerlab/eydgahi_et_al_bayesian_estimation/zipball/master 201302 oa_pdf/97/e5/msb201269.PMC3588908.pdf class_pmc GitHub
https://github.com/kappamodeler/rulestudio com,github)/kappamodeler/rulestudio 201302 oa_pdf/9f/af/msb20131.PMC3588907.pdf class_pmc GitHub
https://github.com/edwong57/yeastgenome-app com,github)/edwong57/yeastgenome-app 201302 oa_pdf/a7/f6/bat004.PMC3567487.pdf class_pmc GitHub
https://github.com/edwong57/yeastgenome-app com,github)/edwong57/yeastgenome-app 201302 oa_pdf/a7/f6/bat004.PMC3567487.pdf class_pmc GitHub
https://github.com/evdh0/ com,github)/evdh0 201705 oa_pdf/00/24/gkw1328.PMC5416750.pdf class_pmc GitHub
https://github.com/pacificbiosciences/bioinformatics- com,github)/pacificbiosciences/bioinformatics- 201705 oa_pdf/00/24/gkw1328.PMC5416750.pdf class_pmc GitHub
https://github.com/nick-phillips/sos com,github)/nick-phillips/sos 201705 oa_pdf/10/0d/ojphi-09-e002.PMC5462159.pdf class_pmc GitHub
https://github.com/dekoning-lab/wfes com,github)/dekoning-lab/wfes 201705 oa_pdf/13/07/btw802.PMC5408789.pdf class_pmc GitHub
http://github.com/srnas/ff com,github)/srnas/ff 201705 oa_pdf/18/74/628.PMC5393174.pdf class_pmc GitHub
https://github.com/jradrion/teflon com,github)/jradrion/teflon 201705 oa_pdf/30/4a/evx050.PMC5447328.pdf class_pmc GitHub
https://github.com/limx54/kggseq com,github)/limx54/kggseq 201705 oa_pdf/3c/05/gkx019.PMC5435951.pdf class_pmc GitHub
https://github.com/genomicrocosm/crowsat1_ram.data com,github)/genomicrocosm/crowsat1_ram.data 201705 oa_pdf/43/d5/697.PMC5411765.pdf class_pmc GitHub
https://github.com/pacificbiosciences/falcon com,github)/pacificbiosciences/falcon 201705 oa_pdf/43/d5/697.PMC5411765.pdf class_pmc GitHub
https://github.com/genomicrocosm/crowsat1_ram com,github)/genomicrocosm/crowsat1_ram 201705 oa_pdf/43/d5/697.PMC5411765.pdf class_pmc GitHub
https://github.com/ddwagner/spm8w com,github)/ddwagner/spm8w 201705 oa_pdf/47/e2/nsx004.PMC5460048.pdf class_pmc GitHub
https://github.com/hesselberthlab/5oh com,github)/hesselberthlab/5oh 201705 oa_pdf/54/7b/ccid-10-155.PMC5428766.pdf class_pmc GitHub
https://github.com/bcgsc/ntcard com,github)/bcgsc/ntcard 201705 oa_pdf/55/ed/btw832.PMC5408799.pdf class_pmc GitHub
https://github.com/andersenlab/vcf-kit com,github)/andersenlab/vcf-kit 201705 oa_pdf/58/d0/btx011.PMC5423453.pdf class_pmc GitHub
https://github.com/paci com,github)/paci 201705 oa_pdf/5b/5f/main.PMC5429222.pdf class_pmc GitHub
https://github.com/sysinflame com,github)/sysinflame 201705 oa_pdf/65/b8/bbw024.PMC5428997.pdf class_pmc GitHub
https://github.com/paci com,github)/paci 201705 oa_pdf/6e/5f/main.PMC5429224.pdf class_pmc GitHub
https://github.com/najoshi/sickle com,github)/najoshi/sickle 201705 oa_pdf/80/94/apps.1700016.PMC5435406.pdf class_pmc GitHub
https://github.com/pacificbiosciences/falcon com,github)/pacificbiosciences/falcon 201705 oa_pdf/87/ed/787.PMC5411773.pdf class_pmc GitHub
https://github.com/lukassnoek/skbold com,github)/lukassnoek/skbold 201705 oa_pdf/ad/fb/nsx037.PMC5490677.pdf class_pmc GitHub
https://github.com/lukassnoek/sharedstates com,github)/lukassnoek/sharedstates 201705 oa_pdf/ad/fb/nsx037.PMC5490677.pdf class_pmc GitHub
https://github.com/richard-meier/digit-trl com,github)/richard-meier/digit-trl 201705 oa_pdf/b0/d9/gkx010.PMC5435966.pdf class_pmc GitHub
https://github.com/trabucchilab/ com,github)/trabucchilab 201705 oa_pdf/b2/a8/gkx007.PMC5435922.pdf class_pmc GitHub
https://github.com/qbrc/ com,github)/qbrc 201705 oa_pdf/b2/a8/gkx007.PMC5435922.pdf class_pmc GitHub
https://github.com/eichlerlab/ com,github)/eichlerlab 201705 oa_pdf/c0/c9/677.PMC5411763.pdf class_pmc GitHub
https://github.com/eichlerlab/pacbio_variant_caller com,github)/eichlerlab/pacbio_variant_caller 201705 oa_pdf/c0/c9/677.PMC5411763.pdf class_pmc GitHub
https://github.com/victorian com,github)/victorian 201705 oa_pdf/c4/1d/ismej2016197a.PMC5437931.pdf class_pmc GitHub
https://github.com/isovic/racon com,github)/isovic/racon 201705 oa_pdf/c4/64/737.PMC5411768.pdf class_pmc GitHub
https://github.com/pacificbiosciences/devnet/wiki/c.-elegans-data-set.genome com,github)/pacificbiosciences/devnet/wiki/c.-elegans-data-set.genome 201705 oa_pdf/c4/64/737.PMC5411768.pdf class_pmc GitHub
https://github.com/pacificbiosciences/devnet/wiki/saccharomyces- com,github)/pacificbiosciences/devnet/wiki/saccharomyces- 201705 oa_pdf/c4/64/737.PMC5411768.pdf class_pmc GitHub
https://github.com/isovic/racon com,github)/isovic/racon 201705 oa_pdf/c4/64/737.PMC5411768.pdf class_pmc GitHub
https://github.com/pacificbiosciences/devnet/wiki/c.-elegans-data-set.genome com,github)/pacificbiosciences/devnet/wiki/c.-elegans-data-set.genome 201705 oa_pdf/c4/64/737.PMC5411768.pdf class_pmc GitHub
https://github.com/daslab/lifft com,github)/daslab/lifft 201705 oa_pdf/c6/fb/611.PMC5393172.pdf class_pmc GitHub
https://github.com/n0rmski/projecth com,github)/n0rmski/projecth 201705 oa_pdf/d1/3c/813.PMC5411776.pdf class_pmc GitHub
https://github.com/tderrien/ com,github)/tderrien 201705 oa_pdf/d4/55/gkw1306.PMC5416892.pdf class_pmc GitHub
https://github.com/xc406/mocap com,github)/xc406/mocap 201705 oa_pdf/d4/b1/gkx174.PMC5416775.pdf class_pmc GitHub
https://github.com/justin-lack/drosophila-genome-nexus/blob/master/round1_assembly.pl com,github)/justin-lack/drosophila-genome-nexus/blob/master/round1_assembly.pl 201705 oa_pdf/e6/d6/EVO-71-1285.PMC5485016.pdf class_pmc GitHub
https://github.com/ablab/ com,github)/ablab 201705 oa_pdf/ea/ae/824.PMC5411777.pdf class_pmc GitHub
https://github.com/ablab/spades com,github)/ablab/spades 201705 oa_pdf/ea/ae/824.PMC5411777.pdf class_pmc GitHub
https://github.com/wilkinson/hpath com,github)/wilkinson/hpath 201210 oa_pdf/62/aa/JPI-3-37f.PMC3526829.pdf class_pmc GitHub
https://github.com/jefferis/frucloneclustering com,github)/jefferis/frucloneclustering 201206 oa_pdf/0c/6a/fninf-06-00021.PMC3365442.pdf class_pmc GitHub
https://github.com/bioit/ com,github)/bioit 201206 oa_pdf/2f/3f/bas029.PMC3381224.pdf class_pmc GitHub
http://github.com/astatham/bisulfite-seq-pipeline com,github)/astatham/bisulfite-seq-pipeline 201206 oa_pdf/60/4f/1120.PMC3371705.pdf class_pmc GitHub
http://github.com/isa-tools/graph2tab.contact: com,github)/isa-tools/graph2tab.contact: 201206 oa_pdf/d4/10/bts258.PMC3371871.pdf class_pmc GitHub
https://github.com/isa-tools/graph2tab/blob/master/ com,github)/isa-tools/graph2tab/blob/master 201206 oa_pdf/d4/10/bts258.PMC3371871.pdf class_pmc GitHub
https://github.com/isa-tools/graph2tab/blob/master/graph2tab_intro.pdf com,github)/isa-tools/graph2tab/blob/master/graph2tab_intro.pdf 201206 oa_pdf/d4/10/bts258.PMC3371871.pdf class_pmc GitHub
https://github.com/expartools/etseq/wiki com,github)/expartools/etseq/wiki 201206 oa_pdf/ed/54/gks230.PMC3367216.pdf class_pmc GitHub
https://github.com/danijb/ com,github)/danijb 201601 oa_pdf/02/80/CNE-524-23.PMC5042088.pdf class_pmc GitHub
https://github.com/hudsonalpha/a com,github)/hudsonalpha/a 201601 oa_pdf/20/04/copd-11-093.PMC4716721.pdf class_pmc GitHub
https://github.com/rgcgithub/clamms com,github)/rgcgithub/clamms 201601 oa_pdf/2d/22/btv547.PMC4681995.pdf class_pmc GitHub
https://github.com/franapoli/signed-ks-test com,github)/franapoli/signed-ks-test 201601 oa_pdf/31/ab/btv536.PMC4795590.pdf class_pmc GitHub
https://github.com/forrestzhang/popera com,github)/forrestzhang/popera 201601 oa_pdf/51/39/gkv962.PMC4702941.pdf class_pmc GitHub
https://github.com/evogytis/mers_recombination/tree/mas com,github)/evogytis/mers_recombination/tree/mas 201601 oa_pdf/56/c5/vev023.PMC4989901.pdf class_pmc GitHub
https://github.com/evogytis/mers_recombination com,github)/evogytis/mers_recombination 201601 oa_pdf/56/c5/vev023.PMC4989901.pdf class_pmc GitHub
https://github.com/jeetsukumaran/syrupy com,github)/jeetsukumaran/syrupy 201601 oa_pdf/70/7f/gkv1461.PMC4705678.pdf class_pmc GitHub
https://www.github.com/ijmarshall com,github)/ijmarshall 201601 oa_pdf/74/32/ocv044.PMC4713900.pdf class_pmc GitHub
https://github.com/pachterlab/kma com,github)/pachterlab/kma 201601 oa_pdf/7b/5f/gkv1168.PMC4737145.pdf class_pmc GitHub
https://github.com/hendersonmpa/chemokines com,github)/hendersonmpa/chemokines 201601 oa_pdf/81/a3/main.PMC4945896.pdf class_pmc GitHub
https://github.com/lutricav/academic/tree/master/menezespm com,github)/lutricav/academic/tree/master/menezespm 201601 oa_pdf/9a/c3/hir-22-22.PMC4756054.pdf class_pmc GitHub
https://github.com/timp0/timp_nanoporesv com,github)/timp0/timp_nanoporesv 201601 oa_pdf/a5/4b/kcbt-17-03-1139236.PMC4848001.pdf class_pmc GitHub
https://github.com/wassermanlab/jaspar-bioruby com,github)/wassermanlab/jaspar-bioruby 201601 oa_pdf/d5/f2/gkv1176.PMC4702842.pdf class_pmc GitHub
https://github.com/axelcournac/repeats com,github)/axelcournac/repeats 201601 oa_pdf/dc/73/gkv1292.PMC4705657.pdf class_pmc GitHub
https://github.com/ucdavis-bioinformatics/sickle/ com,github)/ucdavis-bioinformatics/sickle 201601 oa_pdf/e5/f2/i0006-3363-94-1-16.PMC4809558.pdf class_pmc GitHub
https://github.com/hallowkm/rxode com,github)/hallowkm/rxode 201601 oa_pdf/ff/c4/PSP4-5-03.PMC4728294.pdf class_pmc GitHub
https://github.com/ronkeizer/pkpdsim com,github)/ronkeizer/pkpdsim 201601 oa_pdf/ff/c4/PSP4-5-03.PMC4728294.pdf class_pmc GitHub
https://github.com/joycehsiao/simulateflow com,github)/joycehsiao/simulateflow 201601 oa_pdf/ff/d4/CYTO-89-71.PMC5014134.pdf class_pmc GitHub
https://github.com/quwubin/mfeprimer/wiki/manual/ com,github)/quwubin/mfeprimer/wiki/manual 201207 oa_pdf/05/3a/gks552.PMC3394324.pdf class_pmc GitHub
https://github.com/quwubin/mfeprimer/wiki/ithank com,github)/quwubin/mfeprimer/wiki/ithank 201207 oa_pdf/05/3a/gks552.PMC3394324.pdf class_pmc GitHub
https://github.com/quwubin/mfeprimer/wiki/howto com,github)/quwubin/mfeprimer/wiki/howto 201207 oa_pdf/05/3a/gks552.PMC3394324.pdf class_pmc GitHub
http://github.com/mlangill/microbedb/contact: com,github)/mlangill/microbedb/contact: 201207 oa_pdf/3e/89/bts273.PMC3389766.pdf class_pmc GitHub
https://github.com/ico-ontology/ico com,github)/ico-ontology/ico 201704 oa_pdf/05/09/bio.2016.0092.PMC5397220.pdf class_pmc GitHub
https://github.com/ejfresch/saturnv com,github)/ejfresch/saturnv 201704 oa_pdf/0b/20/evx061.PMC5405338.pdf class_pmc GitHub
https://github.com/widdowquinn/pyani com,github)/widdowquinn/pyani 201704 oa_pdf/0b/20/evx061.PMC5405338.pdf class_pmc GitHub
https://github.com/tamuri/treesub com,github)/tamuri/treesub 201704 oa_pdf/0b/cf/1678-9946-rimtsp-59-e9.PMC5441160.pdf class_pmc GitHub
http://github.com/przemol/seqplots com,github)/przemol/seqplots 201704 oa_pdf/10/8f/702.PMC5411710.pdf class_pmc GitHub
https://github.com/paci com,github)/paci 201704 oa_pdf/27/46/btw811.PMC5408847.pdf class_pmc GitHub
https://github.com/pmelsted/gfa-spec com,github)/pmelsted/gfa-spec 201704 oa_pdf/27/46/btw811.PMC5408847.pdf class_pmc GitHub
https://github.com/suyashss/var com,github)/suyashss/var 201704 oa_pdf/33/13/btw786.PMC5408850.pdf class_pmc GitHub
https://github.com/hajkd/biomartr com,github)/hajkd/biomartr 201704 oa_pdf/4a/fb/btw821.PMC5408848.pdf class_pmc GitHub
https://github.com/hajkd/biomartr#tutor com,github)/hajkd/biomartr 201704 oa_pdf/4a/fb/btw821.PMC5408848.pdf class_pmc GitHub
https://github.com/pkimes/sigclust2 com,github)/pkimes/sigclust2 201704 oa_pdf/53/4d/zmeh-28-1303265.PMC5443090.pdf class_pmc GitHub
https://github.com/k8hertweck/flypopgenomics com,github)/k8hertweck/flypopgenomics 201704 oa_pdf/5b/58/msw282.PMC5400383.pdf class_pmc GitHub
https://github.com/cbergman/transpo com,github)/cbergman/transpo 201704 oa_pdf/5b/58/msw282.PMC5400383.pdf class_pmc GitHub
https://github.com/jsharb com,github)/jsharb 201704 oa_pdf/6d/31/evx059.PMC5396480.pdf class_pmc GitHub
https://github.com/jsharbrough com,github)/jsharbrough 201704 oa_pdf/6d/31/evx059.PMC5396480.pdf class_pmc GitHub
https://github.com/jsharb com,github)/jsharb 201704 oa_pdf/6d/31/evx059.PMC5396480.pdf class_pmc GitHub
https://www.github.com/scottdbrown/rnaseq-tcellclonality com,github)/scottdbrown/rnaseq-tcellclonality 201704 oa_pdf/79/69/btw810.PMC5408843.pdf class_pmc GitHub
https://github.com/hiv8r3/erp-fix-analyses com,github)/hiv8r3/erp-fix-analyses 201704 oa_pdf/7d/da/nsx048.PMC5490674.pdf class_pmc GitHub
https://github.com/jbpease/dfoil com,github)/jbpease/dfoil 201704 oa_pdf/88/cf/msx049.PMC5400379.pdf class_pmc GitHub
https://github.com/rijpma/ea-anm com,github)/rijpma/ea-anm 201704 oa_pdf/8e/d1/10.1177_1069397117691025.PMC5405842.pdf class_pmc GitHub
https://github.com/zhichaoxu/ com,github)/zhichaoxu 201704 oa_pdf/a7/e8/gkw1261.PMC5397170.pdf class_pmc GitHub
https://github.com/rapd/rapd com,github)/rapd/rapd 201704 oa_pdf/ab/76/802.PMC5435892.pdf class_pmc GitHub
https://github.com/tsslab/biotagging/ com,github)/tsslab/biotagging 201704 oa_pdf/ae/e8/main.PMC5400779.pdf class_pmc GitHub
https://github.com/greally com,github)/greally 201704 oa_pdf/db/15/onc2016340a.PMC5383522.pdf class_pmc GitHub
https://github.com/mozoo/masking_package com,github)/mozoo/masking_package 201704 oa_pdf/f1/83/evx051.PMC5393379.pdf class_pmc GitHub
https://github.com/snagcliffs/pde-find com,github)/snagcliffs/pde-find 201704 oa_pdf/f7/f8/1602614.PMC5406137.pdf class_pmc GitHub
https://github.com/annerux/domazet-loso_mbe_2016 com,github)/annerux/domazet-loso_mbe_2016 201704 oa_pdf/fe/87/msw284.PMC5400388.pdf class_pmc GitHub
https://github.com/kawadia/estrangement com,github)/kawadia/estrangement 201211 oa_pdf/6a/72/srep00794.PMC3494021.pdf class_pmc GitHub
https://github.com/najoshi/sickle com,github)/najoshi/sickle 201303 oa_pdf/1d/91/evt034.PMC3641628.pdf class_pmc GitHub
https://github.com/gturco/ com,github)/gturco 201303 oa_pdf/5d/14/evt035.PMC3641636.pdf class_pmc GitHub
https://github.com/isa-tools/ontomaton com,github)/isa-tools/ontomaton 201303 oa_pdf/67/42/bat009.PMC3594986.pdf class_pmc GitHub
https://github.com/delafont/maplot com,github)/delafont/maplot 201303 oa_pdf/6c/02/452.PMC3589534.pdf class_pmc GitHub
https://github.com/ebibiosamples/myequivalents com,github)/ebibiosamples/myequivalents 201401 oa_pdf/03/d8/gkt1081.PMC3965081.pdf class_pmc GitHub
https://github.com/baliga-lab/network_portal com,github)/baliga-lab/network_portal 201401 oa_pdf/14/a6/gkt1190.PMC3964938.pdf class_pmc GitHub
https://github.com/probic/diffsplicing com,github)/probic/diffsplicing 201401 oa_pdf/60/f7/srep03592.PMC3882743.pdf class_pmc GitHub
https://github.com/mkorpar/swsharp com,github)/mkorpar/swsharp 201401 oa_pdf/6c/ea/gkt1164.PMC3965120.pdf class_pmc GitHub
http://github.com/jcvi/metarep com,github)/jcvi/metarep 201010 oa_pdf/83/00/btq455.PMC2951084.pdf class_pmc GitHub
https://github.com/hajkd/orthologr com,github)/hajkd/orthologr 201505 oa_pdf/05/0c/msv012.PMC4408408.pdf class_pmc GitHub
https://github.com/hajkd/ com,github)/hajkd 201505 oa_pdf/05/0c/msv012.PMC4408408.pdf class_pmc GitHub
https://github.com/hajkd com,github)/hajkd 201505 oa_pdf/05/0c/msv012.PMC4408408.pdf class_pmc GitHub
https://github.com/bigdataviewer/descriptor_based_ com,github)/bigdataviewer/descriptor_based_ 201505 oa_pdf/43/1f/JCB_201411032.PMC4442804.pdf class_pmc GitHub
https://github.com/stephanpreibisch/mfm-align com,github)/stephanpreibisch/mfm-align 201505 oa_pdf/43/1f/JCB_201411032.PMC4442804.pdf class_pmc GitHub
https://github.com/axtimwalde/mpicbg com,github)/axtimwalde/mpicbg 201505 oa_pdf/43/1f/JCB_201411032.PMC4442804.pdf class_pmc GitHub
https://github.com/stephanpreibisch/ com,github)/stephanpreibisch 201505 oa_pdf/43/1f/JCB_201411032.PMC4442804.pdf class_pmc GitHub
https://github.com/ohdsi/whiterabbit com,github)/ohdsi/whiterabbit 201505 oa_pdf/64/f0/ocu023.PMC4457111.pdf class_pmc GitHub
https://github.com/arkarachai/str-fm com,github)/arkarachai/str-fm 201505 oa_pdf/6d/f6/736.PMC4417121.pdf class_pmc GitHub
https://www.github.com/scottdbrown/rnaseq-tcellclonality com,github)/scottdbrown/rnaseq-tcellclonality 201505 oa_pdf/79/69/ijwh-7-531.PMC4435440.pdf class_pmc GitHub
https://github.com/lh3/seqtk com,github)/lh3/seqtk 201505 oa_pdf/87/4a/evv104.PMC4494067.pdf class_pmc GitHub
https://github.com/ucdavis-bioinformatics/scythe com,github)/ucdavis-bioinformatics/scythe 201505 oa_pdf/98/03/mBio.00282-15.PMC4442138.pdf class_pmc GitHub
https://github.com/sail.contact: com,github)/sail.contact: 201102 oa_pdf/de/61/btq693.PMC3035801.pdf class_pmc GitHub
http://github.com/semin/ulla com,github)/semin/ulla 200908 oa_pdf/4e/ea/btp300.PMC2712337.pdf class_pmc GitHub
https://github.com/dsglab/snpcallingpipeline com,github)/dsglab/snpcallingpipeline 201509 oa_pdf/14/4e/mBio.00981-15.PMC4556809.pdf class_pmc GitHub
https://github.com/marcelm/- com,github)/marcelm/- 201509 oa_pdf/1c/f0/msv125.PMC4540973.pdf class_pmc GitHub
https://github.com/marcelm/- com,github)/marcelm/- 201509 oa_pdf/1c/f0/msv125.PMC4540973.pdf class_pmc GitHub
https://github.com/mavlyutovrus/ com,github)/mavlyutovrus 201509 oa_pdf/2e/74/gkv476.PMC4652742.pdf class_pmc GitHub
https://github.com/hesselberthlab/5oh com,github)/hesselberthlab/5oh 201509 oa_pdf/54/7a/gkv536.PMC4787814.pdf class_pmc GitHub
http://github.com/jdstorey/qvalue com,github)/jdstorey/qvalue 201509 oa_pdf/ad/61/1245.PMC4561485.pdf class_pmc GitHub
https://github.com/jhhung/tailor com,github)/jhhung/tailor 201509 oa_pdf/b9/f0/gkv537.PMC4632877.pdf class_pmc GitHub
https://github.com/coronin/crispr-analyser com,github)/coronin/crispr-analyser 201509 oa_pdf/bf/10/btv308.PMC4565030.pdf class_pmc GitHub
https://github.com/charite/q com,github)/charite/q 201509 oa_pdf/c3/43/1391.PMC4561497.pdf class_pmc GitHub
https://github.com/charite/q com,github)/charite/q 201509 oa_pdf/c3/43/1391.PMC4561497.pdf class_pmc GitHub
https://github.com/lulab/ com,github)/lulab 201509 oa_pdf/c8/99/gkv706.PMC4551937.pdf class_pmc GitHub
https://github.com/mcieslik-mctp/ com,github)/mcieslik-mctp 201509 oa_pdf/e6/92/1372.PMC4561495.pdf class_pmc GitHub
