https://bitbucket.org/agelab/ org,bitbucket)/agelab 201603 oa_pdf/c2/be/terg-59-344.PMC4917911.pdf class_pmc Bitbucket
https://bitbucket.org/young_computation/crcmapper org,bitbucket)/young_computation/crcmapper 201603 oa_pdf/d4/93/385.PMC4772020.pdf class_pmc Bitbucket
https://bitbucket.org/brge/affy2sv org,bitbucket)/brge/affy2sv 201711 oa_pdf/6a/5e/ol-14-05-5427.PMC5652194.pdf class_pmc Bitbucket
https://bitbucket.org/arjunrajlaboratory/rajlabimagetools/ org,bitbucket)/arjunrajlaboratory/rajlabimagetools 201711 oa_pdf/82/eb/pnas.201706365.PMC5699038.pdf class_pmc Bitbucket
https://bitbucket.org/lpryszcz/bin org,bitbucket)/lpryszcz/bin 201711 oa_pdf/a7/83/3082.PMC5662264.pdf class_pmc Bitbucket
https://bitbucket.org/kchuanglab/ org,bitbucket)/kchuanglab 202202 oa_pdf/27/61/main.PMC8941205.pdf class_pmc Bitbucket
https://bitbucket.org/bejerano/champagne org,bitbucket)/bejerano/champagne 202202 oa_pdf/55/a7/evac013.PMC8920512.pdf class_pmc Bitbucket
https://bitbucket.org/yanglab/phylogenomic_dataset_con-struction/ org,bitbucket)/yanglab/phylogenomic_dataset_con-struction 202202 oa_pdf/e3/b9/msac044.PMC8911815.pdf class_pmc Bitbucket
https://bitbucket.org/julia_jones/cd_ org,bitbucket)/julia_jones/cd_ 202202 oa_pdf/eb/59/fmch-2021-001006.PMC8860071.pdf class_pmc Bitbucket
https://bitbucket.org/liulab/trust/ org,bitbucket)/liulab/trust 202202 oa_pdf/ef/59/main.PMC8873609.pdf class_pmc Bitbucket
https://bitbucket.org/kleinstein/logminer.contact: org,bitbucket)/kleinstein/logminer.contact: 201707 oa_pdf/04/79/btx260.PMC5870750.pdf class_pmc Bitbucket
https://bitbucket.org/ziemertlab/arts org,bitbucket)/ziemertlab/arts 201707 oa_pdf/35/c5/gkx360.PMC5570205.pdf class_pmc Bitbucket
https://bitbucket.org/ustenzel/biohazard-tools org,bitbucket)/ustenzel/biohazard-tools 201707 oa_pdf/bb/f4/1230.PMC5495074.pdf class_pmc Bitbucket
https://bitbucket.org/grantlab/bio3d org,bitbucket)/grantlab/bio3d 201707 oa_pdf/ee/8b/jove-125-55640.PMC5612356.pdf class_pmc Bitbucket
https://bitbucket.org/cdsframe org,bitbucket)/cdsframe 202107 oa_pdf/08/51/LRH2-6-e10285.PMC8753301.pdf class_pmc Bitbucket
https://bitbucket.org/pgmsembryogenesis/sdt-pics org,bitbucket)/pgmsembryogenesis/sdt-pics 202107 oa_pdf/5e/8a/btab557.PMC8665764.pdf class_pmc Bitbucket
https://bitbucket.org/solccp/adpt_core/ org,bitbucket)/solccp/adpt_core 202107 oa_pdf/61/c5/ao1c02411.PMC8359130.pdf class_pmc Bitbucket
https://bitbucket.org/qzhud- org,bitbucket)/qzhud- 202107 oa_pdf/c1/4d/main.PMC8273359.pdf class_pmc Bitbucket
https://bitbucket.org/jknoel/constrictionsimulation org,bitbucket)/jknoel/constrictionsimulation 202107 oa_pdf/d1/39/pnas.202101144.PMC8285958.pdf class_pmc Bitbucket
https://bitbucket.org/feuda-lab/opsin_diptera/src/ org,bitbucket)/feuda-lab/opsin_diptera/src 202107 oa_pdf/e1/30/evab170.PMC8369074.pdf class_pmc Bitbucket
https://bitbucket.org/feuda-lab/op- org,bitbucket)/feuda-lab/op- 202107 oa_pdf/e1/30/evab170.PMC8369074.pdf class_pmc Bitbucket
https://bitbucket.org/feuda-lab/opsin_diptera/src/master/ org,bitbucket)/feuda-lab/opsin_diptera/src/master 202107 oa_pdf/e1/30/evab170.PMC8369074.pdf class_pmc Bitbucket
https://bitbucket.org/tuliocampos/ org,bitbucket)/tuliocampos 201906 oa_pdf/58/82/main.PMC6607062.pdf class_pmc Bitbucket
https://bitbucket.org/prantikk/me-ica org,bitbucket)/prantikk/me-ica 201906 oa_pdf/c8/84/10.1177_2470547019856332.PMC6739076.pdf class_pmc Bitbucket
https://bitbucket.org/reisert/unring org,bitbucket)/reisert/unring 201906 oa_pdf/ce/06/HBM-40-4146.PMC6865652.pdf class_pmc Bitbucket
https://bitbucket.org/treeview3dev/treeview3/ org,bitbucket)/treeview3dev/treeview3 201910 oa_pdf/89/b1/nihms-1542691.PMC6870970.pdf class_pmc Bitbucket
https://bitbucket.org/cbio_mskcc/rcellminerelasticnet org,bitbucket)/cbio_mskcc/rcellminerelasticnet 201910 oa_pdf/b4/b1/main.PMC6889472.pdf class_pmc Bitbucket
https://bitbucket.org/wanglab-upenn/hippie2 org,bitbucket)/wanglab-upenn/hippie2 202003 oa_pdf/8c/e9/lqaa022.PMC7106622.pdf class_pmc Bitbucket
https://bitbucket.org/bereste/g-tris org,bitbucket)/bereste/g-tris 202003 oa_pdf/9a/4f/btz747.PMC7703754.pdf class_pmc Bitbucket
https://bitbucket.org/jointreadalignment/jra-src org,bitbucket)/jointreadalignment/jra-src 201802 oa_pdf/65/2c/gkx1175.PMC5815140.pdf class_pmc Bitbucket
https://bitbucket.org/charade/zoomx org,bitbucket)/charade/zoomx 201802 oa_pdf/ee/a5/gkx1193.PMC5829571.pdf class_pmc Bitbucket
https://bitbucket.org/young org,bitbucket)/young 201802 oa_pdf/f9/2f/gkx1225.PMC5829637.pdf class_pmc Bitbucket
https://bitbucket.org/luo-chengwei/constrains org,bitbucket)/luo-chengwei/constrains 202111 oa_pdf/0d/6d/main.PMC8640167.pdf class_pmc Bitbucket
https://bitbucket.org/berkeleylab/metabat org,bitbucket)/berkeleylab/metabat 202111 oa_pdf/0d/6d/main.PMC8640167.pdf class_pmc Bitbucket
https://bitbucket.org/eddiewrc/ org,bitbucket)/eddiewrc 202111 oa_pdf/52/7a/gkab1099.PMC8860592.pdf class_pmc Bitbucket
https://bitbucket.org/mavericlab/vcontact2 org,bitbucket)/mavericlab/vcontact2 202111 oa_pdf/82/53/main.PMC8710556.pdf class_pmc Bitbucket
https://bitbucket.org/cibiobcg/aseq/ org,bitbucket)/cibiobcg/aseq 202111 oa_pdf/b1/45/main.PMC8666669.pdf class_pmc Bitbucket
https://bitbucket.org/jerry00/scumi-dev/ org,bitbucket)/jerry00/scumi-dev 202110 oa_pdf/c5/a9/main.PMC8572862.pdf class_pmc Bitbucket
https://bitbucket.org/steinlabunc/numorph/ org,bitbucket)/steinlabunc/numorph 202110 oa_pdf/ea/c7/nihms-1747911.PMC8530274.pdf class_pmc Bitbucket
https://bitbucket.org/nadhir/find org,bitbucket)/nadhir/find 201803 oa_pdf/61/48/412.PMC5848619.pdf class_pmc Bitbucket
https://bitbucket.org/bucab/sde2/src/ org,bitbucket)/bucab/sde2/src 201803 oa_pdf/af/81/ijn-13-1761.PMC5868636.pdf class_pmc Bitbucket
https://bitbucket.org/comp_bio/idif org,bitbucket)/comp_bio/idif 202002 oa_pdf/44/e7/main.PMC7078297.pdf class_pmc Bitbucket
https://bitbucket.org/eddiewrc/cdkoma org,bitbucket)/eddiewrc/cdkoma 202002 oa_pdf/79/87/lqaa011.PMC7671306.pdf class_pmc Bitbucket
https://bitbucket.org/yaanlpc/rgaugury org,bitbucket)/yaanlpc/rgaugury 202002 oa_pdf/f8/08/PBI-18-581.PMC6953202.pdf class_pmc Bitbucket
https://bitbucket.org/hamimzafar/siclonefit org,bitbucket)/hamimzafar/siclonefit 201911 oa_pdf/73/4d/1847.PMC6836738.pdf class_pmc Bitbucket
https://bitbucket.org/bchradiology/u-net/srcn.khalili org,bitbucket)/bchradiology/u-net/srcn.khalili 201911 oa_pdf/8d/d0/main.PMC6909142.pdf class_pmc Bitbucket
https://bitbucket.org/james org,bitbucket)/james 201511 oa_pdf/11/75/ftv076.PMC4622172.pdf class_pmc Bitbucket
https://bitbucket.org/caseywdunn/hutan org,bitbucket)/caseywdunn/hutan 201511 oa_pdf/d6/d8/syv055.PMC4604836.pdf class_pmc Bitbucket
https://bitbucket.org/amarallab/network- org,bitbucket)/amarallab/network- 201907 oa_pdf/0c/74/pnas.201902046.PMC6681765.pdf class_pmc Bitbucket
https://bitbucket.org/tanaylab/schic2/src/default/ org,bitbucket)/tanaylab/schic2/src/default 201907 oa_pdf/0e/06/pnas.201901423.PMC6628819.pdf class_pmc Bitbucket
https://bitbucket.org/mpinbaierlab/zebramaze/src/ org,bitbucket)/mpinbaierlab/zebramaze/src 201907 oa_pdf/47/c0/main.PMC6669324.pdf class_pmc Bitbucket
http://bitbucket.org/lcbio/aggrescan3d org,bitbucket)/lcbio/aggrescan3d 201907 oa_pdf/83/a3/gkz321.PMC6602499.pdf class_pmc Bitbucket
https://bitbucket.org/ziemertlab/ org,bitbucket)/ziemertlab 201907 oa_pdf/ab/f2/gkz282.PMC6602446.pdf class_pmc Bitbucket
https://bitbucket.org/mariano org,bitbucket)/mariano 201907 oa_pdf/c2/46/main.PMC6709375.pdf class_pmc Bitbucket
https://bitbucket.org/thekswenson/mammal_rearrange_interactions org,bitbucket)/thekswenson/mammal_rearrange_interactions 201907 oa_pdf/fa/14/btz343.PMC6612848.pdf class_pmc Bitbucket
https://bitbucket.org/thekswen org,bitbucket)/thekswen 201907 oa_pdf/fa/14/btz343.PMC6612848.pdf class_pmc Bitbucket
https://bitbucket.org/mueller org,bitbucket)/mueller 202106 oa_pdf/5e/08/main.PMC8185307.pdf class_pmc Bitbucket
https://bitbucket.org/tashiraka/medaka_hic/ org,bitbucket)/tashiraka/medaka_hic 202106 oa_pdf/63/56/968.PMC8168583.pdf class_pmc Bitbucket
https://bitbucket.org/sarkerlab/gender-detection-for-public org,bitbucket)/sarkerlab/gender-detection-for-public 202106 oa_pdf/95/a4/ooab042.PMC8220305.pdf class_pmc Bitbucket
https://bitbucket.org/berkeleylab/checkv/ org,bitbucket)/berkeleylab/checkv 202106 oa_pdf/b9/f8/pnas.202023202.PMC8201803.pdf class_pmc Bitbucket
https://bitbucket.org/srikarchamala/ org,bitbucket)/srikarchamala 202106 oa_pdf/ca/c6/10.1177_23742895211020485.PMC8209787.pdf class_pmc Bitbucket
https://bitbucket.org/youngl/ursa_backend org,bitbucket)/youngl/ursa_backend 201403 oa_pdf/67/aa/ijn-9-1175.PMC3949719.pdf class_pmc Bitbucket
https://bitbucket.org/newgene/genedoc/overview org,bitbucket)/newgene/genedoc/overview 201301 oa_pdf/65/73/gks1114.PMC3531157.pdf class_pmc Bitbucket
http://bitbucket.org/ericfigure org,bitbucket)/ericfigure 201301 oa_pdf/af/db/gks1108.PMC3531061.pdf class_pmc Bitbucket
https://bitbucket.org/wrf org,bitbucket)/wrf 201706 oa_pdf/6f/ef/evx103.PMC5534336.pdf class_pmc Bitbucket
https://bitbucket.org/chrisarg/ org,bitbucket)/chrisarg 201706 oa_pdf/9f/c7/gkx199.PMC5499834.pdf class_pmc Bitbucket
https://bitbucket.org/mthjwu/ org,bitbucket)/mthjwu 201706 oa_pdf/e8/15/gkx026.PMC5605247.pdf class_pmc Bitbucket
https://bitbucket.org/tguenther/read/src/ org,bitbucket)/tguenther/read/src 202203 oa_pdf/12/8f/main.PMC8983337.pdf class_pmc Bitbucket
https://bitbucket.org/tshima/ org,bitbucket)/tshima 202203 oa_pdf/cc/7d/ao1c06976.PMC8973106.pdf class_pmc Bitbucket
https://bitbucket.org/wenxiu/sequence-shape.git org,bitbucket)/wenxiu/sequence-shape.git 201710 oa_pdf/c6/63/btx336.PMC5870879.pdf class_pmc Bitbucket
https://bitbucket.org/secmetbioinf/portal org,bitbucket)/secmetbioinf/portal 201602 oa_pdf/aa/df/main.PMC5640684.pdf class_pmc Bitbucket
https://bitbucket.org/ibi org,bitbucket)/ibi 201701 oa_pdf/0a/1e/gkw943.PMC5210640.pdf class_pmc Bitbucket
https://bitbucket.org/mavericlab/rnaseq-cba38- org,bitbucket)/mavericlab/rnaseq-cba38- 201701 oa_pdf/3b/a0/ismej201681a.PMC5335546.pdf class_pmc Bitbucket
https://bitbucket.org/usdbioinformatics/tds- org,bitbucket)/usdbioinformatics/tds- 201701 oa_pdf/73/d0/gkw940.PMC5210639.pdf class_pmc Bitbucket
https://bitbucket.org/canzar/splicehunter org,bitbucket)/canzar/splicehunter 201701 oa_pdf/9f/b6/145.PMC5204338.pdf class_pmc Bitbucket
https://bitbucket.org/regulatorygenomicsupf/svm-bpfinder org,bitbucket)/regulatorygenomicsupf/svm-bpfinder 201812 oa_pdf/5c/b8/1647.PMC6239175.pdf class_pmc Bitbucket
https://bitbucket.org/schnell-lab/upr_feedback_ org,bitbucket)/schnell-lab/upr_feedback_ 201812 oa_pdf/9a/89/mbc-29-3052.PMC6333173.pdf class_pmc Bitbucket
https://bitbucket.org/amine-namouchi/snptoolkit org,bitbucket)/amine-namouchi/snptoolkit 201812 oa_pdf/a0/12/pnas.201812865.PMC6294933.pdf class_pmc Bitbucket
https://bitbucket.org/xavmeyer/coevrj org,bitbucket)/xavmeyer/coevrj 202101 oa_pdf/05/c5/syab004.PMC8357345.pdf class_pmc Bitbucket
https://bitbucket.org/tuliocampos/essential_elegans org,bitbucket)/tuliocampos/essential_elegans 202005 oa_pdf/7c/ab/main.PMC7251299.pdf class_pmc Bitbucket
https://bitbucket.org/pennhlp/twitter_data_download/src/master/ org,bitbucket)/pennhlp/twitter_data_download/src/master 202005 oa_pdf/e7/f9/nihpp-2020.05.05.20083436.PMC7273260.pdf class_pmc Bitbucket
https://bitbucket.org/tracerxrenal/cell-paper-data-2018 org,bitbucket)/tracerxrenal/cell-paper-data-2018 201804 oa_pdf/5d/3d/main.PMC5938365.pdf class_pmc Bitbucket
https://bitbucket.org/sgrann/ org,bitbucket)/sgrann 201804 oa_pdf/7d/f3/gky036.PMC5909432.pdf class_pmc Bitbucket
https://bitbucket.org/wolverton/magpie org,bitbucket)/wolverton/magpie 201804 oa_pdf/d1/7d/aaq1566.PMC5898831.pdf class_pmc Bitbucket
https://bitbucket.org/rso24/ddr/ org,bitbucket)/rso24/ddr 201804 oa_pdf/d6/18/btx731.PMC5998943.pdf class_pmc Bitbucket
http://bitbucket.org/charade/ org,bitbucket)/charade 201609 oa_pdf/64/c3/gkw481.PMC5009736.pdf class_pmc Bitbucket
http://bitbucket.org/charade/swan org,bitbucket)/charade/swan 201609 oa_pdf/64/c3/gkw481.PMC5009736.pdf class_pmc Bitbucket
https://bitbucket.org/horizongir/bonsai org,bitbucket)/horizongir/bonsai 201408 oa_pdf/55/c9/ncomms5560.PMC4143931.pdf class_pmc Bitbucket
https://bitbucket.org/biobakery/biobakery/wiki/home org,bitbucket)/biobakery/biobakery/wiki/home 201808 oa_pdf/18/4f/pyy067.PMC6313131.pdf class_pmc Bitbucket
https://bitbucket.org/drlachie/fucci-line org,bitbucket)/drlachie/fucci-line 201809 oa_pdf/5f/4f/kccy-17-16-1511511.PMC6260211.pdf class_pmc Bitbucket
https://bitbucket.org/lkalesinskas/splot org,bitbucket)/lkalesinskas/splot 201809 oa_pdf/77/c8/10.1177_1176934318797354.PMC6144591.pdf class_pmc Bitbucket
https://bitbucket.org/lkalesinskas/splot org,bitbucket)/lkalesinskas/splot 201809 oa_pdf/77/c8/10.1177_1176934318797354.PMC6144591.pdf class_pmc Bitbucket
https://bitbucket.org/comp org,bitbucket)/comp 201809 oa_pdf/b5/03/bty208.PMC6137976.pdf class_pmc Bitbucket
https://bitbucket.org/willseylab/tourette_phase2/src/master/ org,bitbucket)/willseylab/tourette_phase2/src/master 201809 oa_pdf/e1/a2/nihms-1508956.PMC6475626.pdf class_pmc Bitbucket
https://bitbucket.org/willseylab/tourette_phase2/src/ org,bitbucket)/willseylab/tourette_phase2/src 201809 oa_pdf/e1/a2/nihms-1508956.PMC6475626.pdf class_pmc Bitbucket
https://bitbucket.org/willseylab/wang org,bitbucket)/willseylab/wang 201809 oa_pdf/e1/a2/nihms-1508956.PMC6475626.pdf class_pmc Bitbucket
https://bitbucket.org/ibi_group/comorbidity org,bitbucket)/ibi_group/comorbidity 201809 oa_pdf/fd/6b/bty315.PMC6137966.pdf class_pmc Bitbucket
https://bitbucket.org/pennhlp/twitter org,bitbucket)/pennhlp/twitter 202008 oa_pdf/25/5d/main.PMC7481818.pdf class_pmc Bitbucket
https://bitbucket.org/genomicepidemiology/foodqcpipeline/ org,bitbucket)/genomicepidemiology/foodqcpipeline 202008 oa_pdf/f2/29/dkaa345.PMC7662176.pdf class_pmc Bitbucket
https://bitbucket.org/genomicepidemiology/res org,bitbucket)/genomicepidemiology/res 202008 oa_pdf/f2/29/dkaa345.PMC7662176.pdf class_pmc Bitbucket
https://bitbucket.org/mnm-lu/rna-editing org,bitbucket)/mnm-lu/rna-editing 201805 oa_pdf/31/c3/673.PMC5900565.pdf class_pmc Bitbucket
https://bitbucket.org/metrumrg/bugsmodellibrary/wiki/home org,bitbucket)/metrumrg/bugsmodellibrary/wiki/home 201805 oa_pdf/f4/a1/PSP4-7-298.PMC6561612.pdf class_pmc Bitbucket
https://bitbucket.org/whatshap/whatshap org,bitbucket)/whatshap/whatshap 202004 oa_pdf/3a/bc/etm-19-04-3031.PMC7086213.pdf class_pmc Bitbucket
https://bitbucket.org/berkeleylab/ org,bitbucket)/berkeleylab 202004 oa_pdf/75/2c/main.PMC7240055.pdf class_pmc Bitbucket
https://bitbucket.org/uperron/ambiguity_coding org,bitbucket)/uperron/ambiguity_coding 202004 oa_pdf/7f/41/syaa036.PMC7744038.pdf class_pmc Bitbucket
https://bitbucket.org/sonnhammergrni/genespiderliplike: org,bitbucket)/sonnhammergrni/genespiderliplike: 202004 oa_pdf/a4/74/btz950.PMC7178405.pdf class_pmc Bitbucket
https://bitbucket.org/cmartiga/dsreg org,bitbucket)/cmartiga/dsreg 202004 oa_pdf/a6/94/btz915.PMC7141860.pdf class_pmc Bitbucket
https://bitbucket.org/cmartiga/pydsreg/src/master/ org,bitbucket)/cmartiga/pydsreg/src/master 202004 oa_pdf/a6/94/btz915.PMC7141860.pdf class_pmc Bitbucket
https://bitbucket.org/pennhlp/twitter_data_download/src/master/ org,bitbucket)/pennhlp/twitter_data_download/src/master 202004 oa_pdf/bd/e6/nihpp-2020.04.19.20069948.PMC7276035.pdf class_pmc Bitbucket
https://bitbucket.org/lynnlab/anti_cd40 org,bitbucket)/lynnlab/anti_cd40 201501 oa_pdf/18/b5/srep07653.PMC4288222.pdf class_pmc Bitbucket
https://bitbucket.org/ahsanfasih/ org,bitbucket)/ahsanfasih 202012 oa_pdf/28/c2/nihms-1658641.PMC7927156.pdf class_pmc Bitbucket
https://bitbucket.org/plyusnin/lazypipe/ org,bitbucket)/plyusnin/lazypipe 202012 oa_pdf/50/42/veaa091.PMC7772471.pdf class_pmc Bitbucket
https://bitbucket.org/kleinstein/projects/src/master/ org,bitbucket)/kleinstein/projects/src/master 202012 oa_pdf/a9/e8/gkaa1160.PMC7913774.pdf class_pmc Bitbucket
https://bitbucket.org/jinenstar org,bitbucket)/jinenstar 201901 oa_pdf/6e/c0/10.1177_1176934318821072.PMC6335656.pdf class_pmc Bitbucket
https://bitbucket.org/genomicepidemiology/ org,bitbucket)/genomicepidemiology 201901 oa_pdf/d8/1d/gky1050.PMC6323999.pdf class_pmc Bitbucket
https://bitbucket.org/3dome/3dgnome org,bitbucket)/3dome/3dgnome 201612 oa_pdf/2a/18/1697.PMC5131821.pdf class_pmc Bitbucket
https://bitbucket.org/muellerflorian/fish org,bitbucket)/muellerflorian/fish 201612 oa_pdf/37/71/gkw784.PMC5159540.pdf class_pmc Bitbucket
https://bitbucket.org/yogita org,bitbucket)/yogita 201612 oa_pdf/d0/e6/gkw785.PMC5159541.pdf class_pmc Bitbucket
https://bitbucket.org/lussierlab/faime-opensource org,bitbucket)/lussierlab/faime-opensource 201307 oa_pdf/0f/ce/amiajnl-2012-001519.PMC3721168.pdf class_pmc Bitbucket
https://bitbucket.org/prantikk/me-ica org,bitbucket)/prantikk/me-ica 201806 oa_pdf/33/65/main.PMC6034583.pdf class_pmc Bitbucket
https://bitbucket.org/pli- org,bitbucket)/pli- 201806 oa_pdf/70/22/msy053.PMC5967574.pdf class_pmc Bitbucket
https://bitbucket.org/oscarvargash/ org,bitbucket)/oscarvargash 201806 oa_pdf/bd/b0/APS3-6-e01151.PMC5991589.pdf class_pmc Bitbucket
https://bitbucket.org/oscarvargash/lecythidaceae_plastomes org,bitbucket)/oscarvargash/lecythidaceae_plastomes 201806 oa_pdf/bd/b0/APS3-6-e01151.PMC5991589.pdf class_pmc Bitbucket
https://bitbucket.org/nicofmay/cumulativeindel/.in org,bitbucket)/nicofmay/cumulativeindel/.in 202007 oa_pdf/2c/69/syaa050.PMC8559576.pdf class_pmc Bitbucket
https://bitbucket.org/nicofmay/cumulativeindel org,bitbucket)/nicofmay/cumulativeindel 202007 oa_pdf/2c/69/syaa050.PMC8559576.pdf class_pmc Bitbucket
https://bitbucket.org/genomicepidemiology/res org,bitbucket)/genomicepidemiology/res 202007 oa_pdf/69/fc/dkaa257.PMC7566382.pdf class_pmc Bitbucket
https://bitbucket.org/kap_devkota/glide org,bitbucket)/kap_devkota/glide 202007 oa_pdf/a3/04/btaa459.PMC7355260.pdf class_pmc Bitbucket
https://bitbucket.org/daniele_ org,bitbucket)/daniele_ 202007 oa_pdf/cb/14/syaa055.PMC7875446.pdf class_pmc Bitbucket
https://bitbucket.org/gen org,bitbucket)/gen 202007 oa_pdf/d3/29/idr-13-2205.PMC7360418.pdf class_pmc Bitbucket
http://bitbucket.org/bejerano/hcoerosions org,bitbucket)/bejerano/hcoerosions 202007 oa_pdf/e5/45/gkaa550.PMC7498332.pdf class_pmc Bitbucket
https://bitbucket.org/jgarbe/gopher-pipelines/overview org,bitbucket)/jgarbe/gopher-pipelines/overview 202011 oa_pdf/3a/92/STEM-38-1400.PMC7693041.pdf class_pmc Bitbucket
https://bitbucket.org/asarker/lexexp org,bitbucket)/asarker/lexexp 202011 oa_pdf/86/c8/btaa995.PMC8388038.pdf class_pmc Bitbucket
https://bitbucket.org/cbgr/co-binding/ org,bitbucket)/cbgr/co-binding 201902 oa_pdf/08/a2/gky1210.PMC6393237.pdf class_pmc Bitbucket
https://bitbucket.org/stevenhancock/gedisimulator org,bitbucket)/stevenhancock/gedisimulator 201902 oa_pdf/91/9e/ESS2-6-294.PMC6472476.pdf class_pmc Bitbucket
https://bitbucket.org/lcbio/cabsflex org,bitbucket)/lcbio/cabsflex 201902 oa_pdf/da/c4/bty685.PMC6379018.pdf class_pmc Bitbucket
https://bitbucket.org/lcbio/cabs org,bitbucket)/lcbio/cabs 201902 oa_pdf/da/c4/bty685.PMC6379018.pdf class_pmc Bitbucket
https://bitbucket.org/young_computation/ org,bitbucket)/young_computation 202103 oa_pdf/96/e6/EMS129423.PMC7611173.pdf class_pmc Bitbucket
https://bitbucket.org/berkeleylab/ org,bitbucket)/berkeleylab 202103 oa_pdf/9b/0e/bbab030.PMC8425419.pdf class_pmc Bitbucket
https://bitbucket.org/shanwai1234/coldgenepredict/src/master/ org,bitbucket)/shanwai1234/coldgenepredict/src/master 202103 oa_pdf/ab/c9/pnas.202026330.PMC7958178.pdf class_pmc Bitbucket
https://bitbucket.org/berkeleylab/feba org,bitbucket)/berkeleylab/feba 202103 oa_pdf/fb/c8/nihms-1679707.PMC8121099.pdf class_pmc Bitbucket
https://bitbucket.org/nsegata/ org,bitbucket)/nsegata 201406 oa_pdf/a9/4f/ncomms4985.PMC4059924.pdf class_pmc Bitbucket
https://bitbucket.org/rahuldeo/echocv org,bitbucket)/rahuldeo/echocv 201810 oa_pdf/49/df/cir-138-1623.PMC6200386.pdf class_pmc Bitbucket
https://bitbucket.org/amine-namouchi/ org,bitbucket)/amine-namouchi 201810 oa_pdf/6a/1f/pnas.201807266.PMC6187149.pdf class_pmc Bitbucket
https://bitbucket.org/biobakery/maaslin org,bitbucket)/biobakery/maaslin 201810 oa_pdf/6a/b9/kgmi-10-03-1528822.PMC6546312.pdf class_pmc Bitbucket
https://bitbucket.org/m.b org,bitbucket)/m.b 201810 oa_pdf/6e/f5/AOR-42-983.PMC6220828.pdf class_pmc Bitbucket
https://bitbucket.org/lwaldron/curatedovariandata org,bitbucket)/lwaldron/curatedovariandata 201304 oa_pdf/88/57/bat013.PMC3625954.pdf class_pmc Bitbucket
https://bitbucket.org/chrisarg/ org,bitbucket)/chrisarg 201703 oa_pdf/9f/c7/kjs-14-1-11.PMC5402857.pdf class_pmc Bitbucket
https://bitbucket.org/xavmeyer/hogan org,bitbucket)/xavmeyer/hogan 201703 oa_pdf/f2/47/btw712.PMC5408833.pdf class_pmc Bitbucket
https://bitbucket.org/youngl/ursa_backend org,bitbucket)/youngl/ursa_backend 201312 oa_pdf/67/aa/btt529.PMC3834796.pdf class_pmc Bitbucket
http://bitbucket.org/nspies/buildpolyaclusters org,bitbucket)/nspies/buildpolyaclusters 201312 oa_pdf/94/27/2078.PMC3847777.pdf class_pmc Bitbucket
https://bitbucket.org/jdwinkler/laser_re org,bitbucket)/jdwinkler/laser_re 201607 oa_pdf/37/d1/main.PMC5779719.pdf class_pmc Bitbucket
https://bitbucket.org/jasonmacrander/anemone_tissue/ org,bitbucket)/jasonmacrander/anemone_tissue 201607 oa_pdf/4f/cd/evw155.PMC5010892.pdf class_pmc Bitbucket
https://bitbucket.org/jasonmacrander/anemone_tissue/ org,bitbucket)/jasonmacrander/anemone_tissue 201607 oa_pdf/4f/cd/evw155.PMC5010892.pdf class_pmc Bitbucket
https://bitbucket.org/gpcr/protwis org,bitbucket)/gpcr/protwis 201607 oa_pdf/c1/81/BPH-173-2195.PMC4919580.pdf class_pmc Bitbucket
https://bitbucket.org/james_taylor/bx-python/ org,bitbucket)/james_taylor/bx-python 201109 oa_pdf/f9/8e/btr398.PMC3157923.pdf class_pmc Bitbucket
https://bitbucket.org/whatshap/whatshap org,bitbucket)/whatshap/whatshap 201606 oa_pdf/3a/bc/btw276.PMC4908360.pdf class_pmc Bitbucket
https://bitbucket.org/whatshap/whatshap org,bitbucket)/whatshap/whatshap 201606 oa_pdf/3a/bc/btw276.PMC4908360.pdf class_pmc Bitbucket
https://bitbucket.org/nsegata/graphlan/ org,bitbucket)/nsegata/graphlan 201606 oa_pdf/4f/f2/ismej2015221a.PMC5029195.pdf class_pmc Bitbucket
https://bitbucket.org/mjamroz/ org,bitbucket)/mjamroz 201606 oa_pdf/5f/6b/btw262.PMC4908346.pdf class_pmc Bitbucket
http://bitbucket.org/hbc/galaxy-central-hbc org,bitbucket)/hbc/galaxy-central-hbc 201201 oa_pdf/b8/a3/gkr1051.PMC3245064.pdf class_pmc Bitbucket
https://bitbucket.org/rhenao/npl_ebm org,bitbucket)/rhenao/npl_ebm 201702 oa_pdf/6d/2d/main.PMC5360578.pdf class_pmc Bitbucket
https://bitbucket.org/young_ org,bitbucket)/young_ 201610 oa_pdf/b2/df/1417.PMC5052056.pdf class_pmc Bitbucket
https://bitbucket.org/horizongir/ org,bitbucket)/horizongir 201407 oa_pdf/08/5a/ncomms5315.PMC4102112.pdf class_pmc Bitbucket
https://bitbucket.org/jgarbe/gopher-pipelines/ org,bitbucket)/jgarbe/gopher-pipelines 201811 oa_pdf/e2/67/nihms-1516188.PMC6350781.pdf class_pmc Bitbucket
https://bitbucket.org/mirnylab/hiclib org,bitbucket)/mirnylab/hiclib 202102 oa_pdf/11/61/gkab094.PMC8034658.pdf class_pmc Bitbucket
https://bitbucket.org/maastro/dicom org,bitbucket)/maastro/dicom 201903 oa_pdf/28/8e/tom170.PMC6403025.pdf class_pmc Bitbucket
https://bitbucket.org/maastro/dicom org,bitbucket)/maastro/dicom 201903 oa_pdf/28/8e/tom170.PMC6403025.pdf class_pmc Bitbucket
https://bitbucket.org/cfce/viper/ org,bitbucket)/cfce/viper 201903 oa_pdf/2e/92/352.PMC6380277.pdf class_pmc Bitbucket
https://bitbucket.org/ustenzel/biohazard-tools org,bitbucket)/ustenzel/biohazard-tools 202010 oa_pdf/1d/ac/1449.PMC7605269.pdf class_pmc Bitbucket
https://bitbucket.org/csdori/brainarear/src/master/ org,bitbucket)/csdori/brainarear/src/master 202010 oa_pdf/33/09/main.PMC7644754.pdf class_pmc Bitbucket
https://bitbucket.org/cradens/t_cell_meta_anlaysis/ org,bitbucket)/cradens/t_cell_meta_anlaysis 202010 oa_pdf/62/0e/1320.PMC7491319.pdf class_pmc Bitbucket
https://bitbucket.org/mugqic/genpipes.before org,bitbucket)/mugqic/genpipes.before 202010 oa_pdf/7c/46/jop-161-2394.PMC7497614.pdf class_pmc Bitbucket
https://bitbucket.org/szparalab org,bitbucket)/szparalab 201503 oa_pdf/a1/b5/mBio.02213-14.PMC4453532.pdf class_pmc Bitbucket
https://bitbucket.org/mavericlab/vcontact2 org,bitbucket)/mavericlab/vcontact2 202006 oa_pdf/05/0f/EMI-22-2165.PMC7318152.pdf class_pmc Bitbucket
https://bitbucket.org/csmaxwell/crispr-txtl- org,bitbucket)/csmaxwell/crispr-txtl- 202006 oa_pdf/2c/d2/gkaa272.PMC7261169.pdf class_pmc Bitbucket
https://bitbucket.org/wanglab-upenn/sparkinferno org,bitbucket)/wanglab-upenn/sparkinferno 202006 oa_pdf/3a/a6/btaa246.PMC7320617.pdf class_pmc Bitbucket
https://bitbucket.org/muellerflorian/fish_quant/src/master/ org,bitbucket)/muellerflorian/fish_quant/src/master 202006 oa_pdf/6e/fc/aaz6699.PMC7299619.pdf class_pmc Bitbucket
https://bitbucket.org/lcbio/cabsdock/wiki/ho org,bitbucket)/lcbio/cabsdock/wiki/ho 202006 oa_pdf/90/35/bbaa109.PMC8138832.pdf class_pmc Bitbucket
https://bitbucket.org/yanglab/ org,bitbucket)/yanglab 202006 oa_pdf/c5/66/syaa066.PMC7875436.pdf class_pmc Bitbucket
http://bitbucket.org/alexeybrazhe/pyraman org,bitbucket)/alexeybrazhe/pyraman 202006 oa_pdf/c9/37/main.PMC7315103.pdf class_pmc Bitbucket
https://bitbucket.org/gertidenas/dimer/commits/tag/tads org,bitbucket)/gertidenas/dimer/commits/tag/tads 201411 oa_pdf/42/82/41586_2014_Article_BFnature13986.PMC4251741.pdf class_pmc Bitbucket
https://bitbucket.org/dalke/fmcs org,bitbucket)/dalke/fmcs 201807 oa_pdf/0a/1c/gky434.PMC6031047.pdf class_pmc Bitbucket
https://bitbucket.org/finsberg/pulse_adjoint8o org,bitbucket)/finsberg/pulse_adjoint8o 201807 oa_pdf/44/f0/CNM-34-na.PMC6043386.pdf class_pmc Bitbucket
https://bitbucket.org/mgenet/dolfin_dicfinsberg org,bitbucket)/mgenet/dolfin_dicfinsberg 201807 oa_pdf/44/f0/CNM-34-na.PMC6043386.pdf class_pmc Bitbucket
https://bitbucket.org/lcbio/cabsflex org,bitbucket)/lcbio/cabsflex 201807 oa_pdf/4d/cc/gky356.PMC6031000.pdf class_pmc Bitbucket
http://bitbucket.org/lcbio/cabsflex org,bitbucket)/lcbio/cabsflex 201807 oa_pdf/4d/cc/gky356.PMC6031000.pdf class_pmc Bitbucket
https://bitbucket.org/projectmine/databrowser org,bitbucket)/projectmine/databrowser 201908 oa_pdf/4c/2a/nihms-1658714.PMC7893599.pdf class_pmc Bitbucket
https://bitbucket.org/medinfo_mainz/ org,bitbucket)/medinfo_mainz 201908 oa_pdf/a6/38/10-1055-s-0039-1695793.PMC6739205.pdf class_pmc Bitbucket
https://bitbucket.org/lt11/ org,bitbucket)/lt11 201908 oa_pdf/c4/89/msz177.PMC6878955.pdf class_pmc Bitbucket
https://bitbucket.org/omicskitchen/tmtsynaptosomes org,bitbucket)/omicskitchen/tmtsynaptosomes 202109 oa_pdf/3a/ed/nihms-1697078.PMC8338777.pdf class_pmc Bitbucket
https://bitbucket.org/cmartiga/ org,bitbucket)/cmartiga 202109 oa_pdf/79/dc/res-129-669.PMC8409900.pdf class_pmc Bitbucket
https://bitbucket.org/nygcre org,bitbucket)/nygcre 202109 oa_pdf/cb/4d/bpab017.PMC8476930.pdf class_pmc Bitbucket
https://bitbucket.org/kokonech/infusion org,bitbucket)/kokonech/infusion 201709 oa_pdf/2e/f2/btx329.PMC5870674.pdf class_pmc Bitbucket
https://bitbucket.org/cosi1/supernalign org,bitbucket)/cosi1/supernalign 201709 oa_pdf/9c/a5/gkx631.PMC5766185.pdf class_pmc Bitbucket
https://bitbucket.org/tanaylab/shaman org,bitbucket)/tanaylab/shaman 202001 oa_pdf/36/94/aax4001.PMC6954061.pdf class_pmc Bitbucket
https://bitbucket.org/rguimera/machine-scientist/src/ org,bitbucket)/rguimera/machine-scientist/src 202001 oa_pdf/4a/4f/aav6971.PMC6994216.pdf class_pmc Bitbucket
https://bitbucket.org/rguimera/machine-scientist org,bitbucket)/rguimera/machine-scientist 202001 oa_pdf/4a/4f/aav6971.PMC6994216.pdf class_pmc Bitbucket
https://bitbucket.org/mnm-lu/aav-library org,bitbucket)/mnm-lu/aav-library 201912 oa_pdf/0d/3c/pnas.201910061.PMC6936499.pdf class_pmc Bitbucket
https://bitbucket.org/cfce/viper/ org,bitbucket)/cfce/viper 201912 oa_pdf/45/18/1718.PMC6942053.pdf class_pmc Bitbucket
https://bitbucket.org/corybrunson/comorbidity org,bitbucket)/corybrunson/comorbidity 201912 oa_pdf/4e/57/ooz067.PMC7309234.pdf class_pmc Bitbucket
https://bitbucket.org/bromberglab/funtrp org,bitbucket)/bromberglab/funtrp 201912 oa_pdf/79/f4/gkz818.PMC6868392.pdf class_pmc Bitbucket
https://bitbucket.org/bromberglab/predictprotein org,bitbucket)/bromberglab/predictprotein 201912 oa_pdf/79/f4/gkz818.PMC6868392.pdf class_pmc Bitbucket
https://bitbucket.org/account/user/genomicepidemiology/projects/db org,bitbucket)/account/user/genomicepidemiology/projects/db 201912 oa_pdf/98/d9/main.PMC6941874.pdf class_pmc Bitbucket
https://bitbucket.org/vtimmermann/ org,bitbucket)/vtimmermann 201912 oa_pdf/d1/0b/main.PMC6990379.pdf class_pmc Bitbucket
https://bitbucket.org/asugden/rocsim/src org,bitbucket)/asugden/rocsim/src 201912 oa_pdf/e1/74/pnas.201913992.PMC6900597.pdf class_pmc Bitbucket
https://bitbucket.org/asyavuz/ org,bitbucket)/asyavuz 201912 oa_pdf/e2/49/CG-20-592.PMC7290059.pdf class_pmc Bitbucket
https://bitbucket.org/tanaylab/shaman org,bitbucket)/tanaylab/shaman 201912 oa_pdf/ed/e7/nihms-1547115.PMC7262670.pdf class_pmc Bitbucket
https://bitbucket.org/sclca/ org,bitbucket)/sclca 201912 oa_pdf/fd/f6/gkz826.PMC6902034.pdf class_pmc Bitbucket
https://bitbucket.org/young_computation/rose org,bitbucket)/young_computation/rose 201504 oa_pdf/36/7f/504.PMC4381522.pdf class_pmc Bitbucket
https://bitbucket.org/immunediversity/immunediversity/ org,bitbucket)/immunediversity/immunediversity 201504 oa_pdf/59/4a/kmab-07-03-1026502.PMC4622655.pdf class_pmc Bitbucket
https://bitbucket.org/srikarchamala/markerminer org,bitbucket)/srikarchamala/markerminer 201504 oa_pdf/6e/be/apps.1400115.PMC4406834.pdf class_pmc Bitbucket
https://bitbucket.org/srikarchamala/markerminer org,bitbucket)/srikarchamala/markerminer 201504 oa_pdf/6e/be/apps.1400115.PMC4406834.pdf class_pmc Bitbucket
https://bitbucket.org/djpbarry/adapt org,bitbucket)/djpbarry/adapt 201504 oa_pdf/82/e6/JCB_201501081.PMC4395480.pdf class_pmc Bitbucket
https://bitbucket.org/amderoos/ org,bitbucket)/amderoos 202105 oa_pdf/0c/1f/pnas.202023709.PMC8166188.pdf class_pmc Bitbucket
https://bitbucket.org/amderoos/ org,bitbucket)/amderoos 202105 oa_pdf/0c/1f/pnas.202023709.PMC8166188.pdf class_pmc Bitbucket
https://bitbucket.org/dfmoralesb/target_enrichment_orthology org,bitbucket)/dfmoralesb/target_enrichment_orthology 202105 oa_pdf/44/e3/syab032.PMC8677558.pdf class_pmc Bitbucket
https://bitbucket.org/blackrim/clustering org,bitbucket)/blackrim/clustering 202105 oa_pdf/44/e3/syab032.PMC8677558.pdf class_pmc Bitbucket
https://bitbucket.org/biobakery/kneaddata org,bitbucket)/biobakery/kneaddata 202105 oa_pdf/4e/73/main.PMC8191414.pdf class_pmc Bitbucket
https://bitbucket.org/liulab/mageck/src/master/ org,bitbucket)/liulab/mageck/src/master 202105 oa_pdf/64/67/nihms-1700549.PMC8161465.pdf class_pmc Bitbucket
https://bitbucket.org/sonnhammergrni/idemax org,bitbucket)/sonnhammergrni/idemax 202105 oa_pdf/93/bc/btab367.PMC8545292.pdf class_pmc Bitbucket
https://bitbucket.org/biobakery/kneaddata org,bitbucket)/biobakery/kneaddata 202105 oa_pdf/a5/bc/main.PMC8118724.pdf class_pmc Bitbucket
https://bitbucket.org/mugqic/mugqic_pipelines#markdown-header-dna-seq-pipeline org,bitbucket)/mugqic/mugqic_pipelines 202105 oa_pdf/d3/ab/ACN3-8-1376.PMC8283173.pdf class_pmc Bitbucket
https://bitbucket.org/oaxiom/glbase/wiki/home/ org,bitbucket)/oaxiom/glbase/wiki/home 201302 oa_pdf/9f/7e/gks1300.PMC3575808.pdf class_pmc Bitbucket
https://bitbucket.org/young_computation/crcmapper org,bitbucket)/young_computation/crcmapper 201705 oa_pdf/01/eb/nihms872483.PMC5508517.pdf class_pmc Bitbucket
https://bitbucket.org/young_computation/rose org,bitbucket)/young_computation/rose 201705 oa_pdf/01/eb/nihms872483.PMC5508517.pdf class_pmc Bitbucket
https://bitbucket.org/jbaaijens/savage org,bitbucket)/jbaaijens/savage 201705 oa_pdf/57/bd/835.PMC5411778.pdf class_pmc Bitbucket
https://bitbucket.org/jbaaijens/savage-benchmarks org,bitbucket)/jbaaijens/savage-benchmarks 201705 oa_pdf/57/bd/835.PMC5411778.pdf class_pmc Bitbucket
https://bitbucket.org/xianfan/ org,bitbucket)/xianfan 201705 oa_pdf/c4/ab/793.PMC5411774.pdf class_pmc Bitbucket
https://bitbucket.org/gevaertlab/ org,bitbucket)/gevaertlab 201712 oa_pdf/29/62/main.PMC5828545.pdf class_pmc Bitbucket
https://bitbucket.org/muellerflorian/fish org,bitbucket)/muellerflorian/fish 201712 oa_pdf/37/71/jove-130-56085.PMC5755553.pdf class_pmc Bitbucket
https://bitbucket.org/youngcomputation/rose org,bitbucket)/youngcomputation/rose 201712 oa_pdf/53/3e/2343.PMC5795782.pdf class_pmc Bitbucket
https://bitbucket.org/biobakery/ org,bitbucket)/biobakery 201712 oa_pdf/9b/21/main.PMC5904031.pdf class_pmc Bitbucket
https://bitbucket.org/dokhlab/ org,bitbucket)/dokhlab 201712 oa_pdf/e4/e0/gkx1058.PMC5728392.pdf class_pmc Bitbucket
https://bitbucket.org/nygcresearch/ldetect-data/src/master/ org,bitbucket)/nygcresearch/ldetect-data/src/master 202201 oa_pdf/1e/9e/btac024.PMC8963326.pdf class_pmc Bitbucket
https://bitbucket.org/plibradosanz/structf4/ org,bitbucket)/plibradosanz/structf4 202201 oa_pdf/23/16/btac046.PMC8963280.pdf class_pmc Bitbucket
https://bitbucket.org/diamandislabii/faust-feature-vectors-2019 org,bitbucket)/diamandislabii/faust-feature-vectors-2019 202201 oa_pdf/28/2f/vdac001.PMC8826810.pdf class_pmc Bitbucket
https://bitbucket.org/genomicepidemiology/cge-tools org,bitbucket)/genomicepidemiology/cge-tools 202201 oa_pdf/63/5c/main.PMC8803956.pdf class_pmc Bitbucket
https://bitbucket.org/wanglab- org,bitbucket)/wanglab- 202201 oa_pdf/89/9d/lqab123.PMC8759563.pdf class_pmc Bitbucket
https://bitbucket.org/wanglab-upenn/filer org,bitbucket)/wanglab-upenn/filer 202201 oa_pdf/89/9d/lqab123.PMC8759563.pdf class_pmc Bitbucket
https://bitbucket.org/mcgranahanlab/ org,bitbucket)/mcgranahanlab 202201 oa_pdf/f4/1a/main.PMC8800070.pdf class_pmc Bitbucket
https://bitbucket.org/pchanda/hapzipper/downloads/ org,bitbucket)/pchanda/hapzipper/downloads 201211 oa_pdf/49/44/gks709.PMC3488212.pdf class_pmc Bitbucket
https://bitbucket.org/p org,bitbucket)/p 201401 oa_pdf/1d/0c/wrcr0050-0208.PMC4257577.pdf class_pmc Bitbucket
https://bitbucket.org/mirnylab/hiclib org,bitbucket)/mirnylab/hiclib 202104 oa_pdf/72/e0/gkab249.PMC8501969.pdf class_pmc Bitbucket
https://bitbucket.org/scottyler892/manaclust/src/ org,bitbucket)/scottyler892/manaclust/src 202104 oa_pdf/94/9f/nihms-1693698.PMC8195153.pdf class_pmc Bitbucket
https://bitbucket.org/genomicepidemiology/mintyper.git org,bitbucket)/genomicepidemiology/mintyper.git 202104 oa_pdf/ac/c3/bpab008.PMC8106442.pdf class_pmc Bitbucket
https://bitbucket.org/repepo/ org,bitbucket)/repepo 202104 oa_pdf/f9/b2/JGRB-126-e2020JB021042.PMC8244021.pdf class_pmc Bitbucket
https://bitbucket.org/ttliu07/fc org,bitbucket)/ttliu07/fc 202104 oa_pdf/f9/c8/pnas.202021852.PMC8053937.pdf class_pmc Bitbucket
https://bitbucket.org/fiitstubioinfo/swspm/src org,bitbucket)/fiitstubioinfo/swspm/src 201905 oa_pdf/09/10/10.1177_1176934319849071.PMC6545658.pdf class_pmc Bitbucket
https://bitbucket.org/berkeleylab/feba org,bitbucket)/berkeleylab/feba 201505 oa_pdf/d1/5d/mBio.00306-15.PMC4436071.pdf class_pmc Bitbucket
https://bitbucket.org/oesperlab/ht-altfrac org,bitbucket)/oesperlab/ht-altfrac 201801 oa_pdf/81/96/btx745.PMC5860217.pdf class_pmc Bitbucket
https://bitbucket.org/cellsandmachines/ org,bitbucket)/cellsandmachines 201801 oa_pdf/f6/c7/thnov08p0277.PMC5743474.pdf class_pmc Bitbucket
https://bitbucket.org/metrumrg/ org,bitbucket)/metrumrg 201801 oa_pdf/fb/b9/main.PMC6021263.pdf class_pmc Bitbucket
https://bitbucket.org/lynnlab/anti_cd40 org,bitbucket)/lynnlab/anti_cd40 202112 oa_pdf/18/b5/main.PMC8714857.pdf class_pmc Bitbucket
https://bitbucket.org/ssamanipour/ms_import.jl/ org,bitbucket)/ssamanipour/ms_import.jl 202112 oa_pdf/1f/af/ac1c03755.PMC8674881.pdf class_pmc Bitbucket
https://bitbucket.org/ssamanipour/ org,bitbucket)/ssamanipour 202112 oa_pdf/1f/af/ac1c03755.PMC8674881.pdf class_pmc Bitbucket
https://bitbucket.org/qzhudfci/sm org,bitbucket)/qzhudfci/sm 202112 oa_pdf/7d/16/main.PMC8728308.pdf class_pmc Bitbucket
https://bitbucket.org/mroac org,bitbucket)/mroac 202112 oa_pdf/db/16/PBI-19-2544.PMC8633516.pdf class_pmc Bitbucket
https://bitbucket.org/bucab/sde2 org,bitbucket)/bucab/sde2 202108 oa_pdf/af/81/gkab647.PMC8450105.pdf class_pmc Bitbucket
https://bitbucket.org/bucab/sde2/src/ org,bitbucket)/bucab/sde2/src 202108 oa_pdf/af/81/gkab647.PMC8450105.pdf class_pmc Bitbucket
https://bitbucket.org/bucab/sde2/ org,bitbucket)/bucab/sde2 202108 oa_pdf/af/81/gkab647.PMC8450105.pdf class_pmc Bitbucket
https://bitbucket.org/huppertt/nirstoolbox/wiki/home org,bitbucket)/huppertt/nirstoolbox/wiki/home 201909 oa_pdf/05/b4/main.PMC6974895.pdf class_pmc Bitbucket
https://bitbucket.org/pennhlp/kusuri/ org,bitbucket)/pennhlp/kusuri 201909 oa_pdf/28/fd/ocz156.PMC6857507.pdf class_pmc Bitbucket
https://bitbucket.org/jgarbe/gopher-pipelines/ org,bitbucket)/jgarbe/gopher-pipelines 201909 oa_pdf/7a/35/aaw7781.PMC6739093.pdf class_pmc Bitbucket
https://bitbucket.org/rahuldeo/ecgai/ org,bitbucket)/rahuldeo/ecgai 201909 oa_pdf/cc/87/hcq-12-e005289.PMC6951431.pdf class_pmc Bitbucket
https://bitbucket.org/selene_fernandez/amphime- org,bitbucket)/selene_fernandez/amphime- 201509 oa_pdf/17/55/msv117.PMC4540969.pdf class_pmc Bitbucket
