https://bitbucket.org/young_computation/crcmapper org,bitbucket)/young_computation/crcmapper 201603 oa_pdf/d4/93/385.PMC4772020.pdf annot_urls
https://bitbucket.org/young_computation/rose org,bitbucket)/young_computation/rose 201603 oa_pdf/d4/93/385.PMC4772020.pdf annot_urls
https://bitbucket.org/arjunrajlaboratory/rajlabimagetools/wiki/home org,bitbucket)/arjunrajlaboratory/rajlabimagetools/wiki/home 201603 oa_pdf/c5/bf/567.PMC4782050.pdf annot_urls
https://www.bitbucket.org/sulab/wikidatabots/src org,bitbucket)/sulab/wikidatabots/src 201603 oa_pdf/1e/6f/baw028.PMC4822648.pdf annot_urls
https://bitbucket.org/agelab/annotator org,bitbucket)/agelab/annotator 201603 oa_pdf/c2/be/terg-59-344.PMC4917911.pdf annot_urls
https://bitbucket.org/brge/affy2sv org,bitbucket)/brge/affy2sv 201711 oa_pdf/6a/5e/ol-14-05-5427.PMC5652194.pdf text_urls
https://bitbucket.org/lpryszcz/bin org,bitbucket)/lpryszcz/bin 201711 oa_pdf/a7/83/3082.PMC5662264.pdf text_urls
https://bitbucket.org/sacgf/17hewetttumorbarcodes org,bitbucket)/sacgf/17hewetttumorbarcodes 201711 oa_pdf/9e/25/main.PMC5678743.pdf annot_urls
https://bitbucket.org/arjunrajlaboratory/rajlabimagetools/wiki/home org,bitbucket)/arjunrajlaboratory/rajlabimagetools/wiki/home 201711 oa_pdf/82/eb/pnas.201706365.PMC5699038.pdf annot_urls
https://bitbucket.org/julia_jones/cd_impact_baseline/src/master org,bitbucket)/julia_jones/cd_impact_baseline/src/master 202202 oa_pdf/eb/59/fmch-2021-001006.PMC8860071.pdf annot_urls
https://bitbucket.org/liulab/trust org,bitbucket)/liulab/trust 202202 oa_pdf/ef/59/main.PMC8873609.pdf annot_urls
https://bitbucket.org/nygcresearch/treemix/wiki/home org,bitbucket)/nygcresearch/treemix/wiki/home 202202 oa_pdf/9c/5c/msac039.PMC8911814.pdf annot_urls
https://bitbucket.org/yanglab/phylogenomic_dataset_construction org,bitbucket)/yanglab/phylogenomic_dataset_construction 202202 oa_pdf/e3/b9/msac044.PMC8911815.pdf annot_urls
https://bitbucket.org/yanglab/phylogenomic_dataset_con-struction org,bitbucket)/yanglab/phylogenomic_dataset_con-struction 202202 oa_pdf/e3/b9/msac044.PMC8911815.pdf text_urls
https://bitbucket.org/bejerano/champagne org,bitbucket)/bejerano/champagne 202202 oa_pdf/55/a7/evac013.PMC8920512.pdf annot_urls
https://bitbucket.org/kchuanglab/optimization16s/src/master org,bitbucket)/kchuanglab/optimization16s/src/master 202202 oa_pdf/27/61/main.PMC8941205.pdf annot_urls
https://bitbucket.org/genomicepidemiology/resfinder_db/src/master org,bitbucket)/genomicepidemiology/resfinder_db/src/master 202202 oa_pdf/16/c9/mgen-8-0769.PMC8942032.pdf annot_urls
https://bitbucket.org/ustenzel/biohazard-tools org,bitbucket)/ustenzel/biohazard-tools 201707 oa_pdf/bb/f4/1230.PMC5495074.pdf annot_urls
https://bitbucket.org/ustenzel/biohazard org,bitbucket)/ustenzel/biohazard 201707 oa_pdf/9a/37/1700186.PMC5501502.pdf annot_urls
https://bitbucket.org/cfce/viper org,bitbucket)/cfce/viper 201707 oa_pdf/69/c4/JEM_20160724.PMC5502421.pdf annot_urls
https://bitbucket.org/ziemertlab/arts org,bitbucket)/ziemertlab/arts 201707 oa_pdf/35/c5/gkx360.PMC5570205.pdf annot_urls
https://bitbucket.org/koumakis/minepathviewer org,bitbucket)/koumakis/minepathviewer 201707 oa_pdf/69/9d/gkx278.PMC5570234.pdf annot_urls
https://bitbucket.org/grantlab/bio3d org,bitbucket)/grantlab/bio3d 201707 oa_pdf/ee/8b/jove-125-55640.PMC5612356.pdf text_urls
https://bitbucket.org/kleinstein/logminer org,bitbucket)/kleinstein/logminer 201707 oa_pdf/04/79/btx260.PMC5870750.pdf annot_urls
https://bitbucket.org/qzhud-+fci/smfishhmrf-py org,bitbucket)/qzhud-+fci/smfishhmrf-py 202107 oa_pdf/c1/4d/main.PMC8273359.pdf annot_urls
https://bitbucket.org/qzhud-fci/smfishhmrf-py org,bitbucket)/qzhud-fci/smfishhmrf-py 202107 oa_pdf/c1/4d/main.PMC8273359.pdf text_urls
https://bitbucket.org/jknoel/constrictionsimulation org,bitbucket)/jknoel/constrictionsimulation 202107 oa_pdf/d1/39/pnas.202101144.PMC8285958.pdf annot_urls
https://bitbucket.org/young_computation/rose/src/master org,bitbucket)/young_computation/rose/src/master 202107 oa_pdf/d6/de/main.PMC8346656.pdf annot_urls
https://bitbucket.org/solccp/adpt_core org,bitbucket)/solccp/adpt_core 202107 oa_pdf/61/c5/ao1c02411.PMC8359130.pdf annot_urls
https://bitbucket.org/feuda-lab/opsin_diptera/src/master org,bitbucket)/feuda-lab/opsin_diptera/src/master 202107 oa_pdf/e1/30/evab170.PMC8369074.pdf annot_urls
https://bitbucket.org/feuda-lab/op-sin_diptera/src/master/) org,bitbucket)/feuda-lab/op-sin_diptera/src/master/) 202107 oa_pdf/e1/30/evab170.PMC8369074.pdf text_urls
https://bitbucket.org/cfce/viper/src/master org,bitbucket)/cfce/viper/src/master 202107 oa_pdf/9b/84/nihms-1722583.PMC8476088.pdf annot_urls
https://bitbucket.org/xromm/xmalab/src/master org,bitbucket)/xromm/xmalab/src/master 202107 oa_pdf/56/64/nihms-1724268.PMC8513487.pdf annot_urls
https://bitbucket.org/xromm/xromm_mayatools/wiki/home org,bitbucket)/xromm/xromm_mayatools/wiki/home 202107 oa_pdf/56/64/nihms-1724268.PMC8513487.pdf annot_urls
https://bitbucket.org/pgmsembryogenesis/sdt-pics org,bitbucket)/pgmsembryogenesis/sdt-pics 202107 oa_pdf/5e/8a/btab557.PMC8665764.pdf annot_urls
https://bitbucket.org/cdsframework/ice/downloads/ice-implementation-guide-distrib.pdf org,bitbucket)/cdsframework/ice/downloads/ice-implementation-guide-distrib.pdf 202107 oa_pdf/08/51/LRH2-6-e10285.PMC8753301.pdf annot_urls
https://bitbucket.org/yonatanf/sparcc org,bitbucket)/yonatanf/sparcc 201906 oa_pdf/e9/bf/nihms-1021266.PMC6492263.pdf annot_urls
https://bitbucket.org/charade/elsa org,bitbucket)/charade/elsa 201906 oa_pdf/e9/bf/nihms-1021266.PMC6492263.pdf annot_urls
https://bitbucket.org/dokhlab/dvass org,bitbucket)/dokhlab/dvass 201906 oa_pdf/36/90/gkz427.PMC6582333.pdf annot_urls
https://bitbucket.org/tuliocampos/essential org,bitbucket)/tuliocampos/essential 201906 oa_pdf/58/82/main.PMC6607062.pdf annot_urls
https://bitbucket.org/prantikk/me-ica org,bitbucket)/prantikk/me-ica 201906 oa_pdf/c8/84/10.1177_2470547019856332.PMC6739076.pdf annot_urls
https://bitbucket.org/reisert/unring org,bitbucket)/reisert/unring 201906 oa_pdf/ce/06/HBM-40-4146.PMC6865652.pdf text_urls
https://bitbucket.org/izhbannikov/seqyclean org,bitbucket)/izhbannikov/seqyclean 201506 oa_pdf/12/fa/main.PMC4584001.pdf annot_urls
https://bitbucket.org/treeview3dev/treeview3 org,bitbucket)/treeview3dev/treeview3 201910 oa_pdf/89/b1/nihms-1542691.PMC6870970.pdf annot_urls
https://bitbucket.org/cbio_mskcc/rcellminerelasticnet org,bitbucket)/cbio_mskcc/rcellminerelasticnet 201910 oa_pdf/b4/b1/main.PMC6889472.pdf text_urls
https://bitbucket.org/wanglab-upenn/hippie2 org,bitbucket)/wanglab-upenn/hippie2 202003 oa_pdf/8c/e9/lqaa022.PMC7106622.pdf annot_urls
https://bitbucket.org/mugqic/mugqic_pipelines org,bitbucket)/mugqic/mugqic_pipelines 202003 oa_pdf/78/0d/NG2019011122.PMC7164974.pdf annot_urls
https://bitbucket.org/bereste/g-tris org,bitbucket)/bereste/g-tris 202003 oa_pdf/9a/4f/btz747.PMC7703754.pdf annot_urls
https://bitbucket.org/bipous/jasmine/src/master org,bitbucket)/bipous/jasmine/src/master 202003 oa_pdf/4c/8e/btz806.PMC7703784.pdf annot_urls
https://bitbucket.org/jointreadalignment/jra-src org,bitbucket)/jointreadalignment/jra-src 201802 oa_pdf/65/2c/gkx1175.PMC5815140.pdf annot_urls
https://bitbucket.org/charade/zoomx org,bitbucket)/charade/zoomx 201802 oa_pdf/ee/a5/gkx1193.PMC5829571.pdf annot_urls
https://bitbucket.org/bromberglab/mifaser org,bitbucket)/bromberglab/mifaser 201802 oa_pdf/d2/03/gkx1209.PMC5829635.pdf annot_urls
https://bitbucket.org/young_computation/rose org,bitbucket)/young_computation/rose 201802 oa_pdf/f9/2f/gkx1225.PMC5829637.pdf annot_urls
https://bitbucket.org/thashim/piq-single/src/master org,bitbucket)/thashim/piq-single/src/master 202111 oa_pdf/58/16/main.PMC8634045.pdf annot_urls
https://bitbucket.org/berkeleylab/metabat org,bitbucket)/berkeleylab/metabat 202111 oa_pdf/0d/6d/main.PMC8640167.pdf annot_urls
https://bitbucket.org/luo-chengwei/constrains org,bitbucket)/luo-chengwei/constrains 202111 oa_pdf/0d/6d/main.PMC8640167.pdf annot_urls
https://bitbucket.org/cibiobcg/aseq org,bitbucket)/cibiobcg/aseq 202111 oa_pdf/b1/45/main.PMC8666669.pdf annot_urls
https://bitbucket.org/berkeleylab/metabat/src/master org,bitbucket)/berkeleylab/metabat/src/master 202111 oa_pdf/09/e8/main.PMC8710462.pdf annot_urls
https://bitbucket.org/mavericlab/vcontact2 org,bitbucket)/mavericlab/vcontact2 202111 oa_pdf/82/53/main.PMC8710556.pdf annot_urls
https://bitbucket.org/cbgr/jaspar_enrichment org,bitbucket)/cbgr/jaspar_enrichment 202111 oa_pdf/11/4e/gkab1113.PMC8728201.pdf annot_urls
https://bitbucket.org/eddiewrc/galiana/src/master org,bitbucket)/eddiewrc/galiana/src/master 202111 oa_pdf/52/7a/gkab1099.PMC8860592.pdf annot_urls
https://bitbucket.org/kleinstein/changeo/downloads org,bitbucket)/kleinstein/changeo/downloads 202111 oa_pdf/9e/45/nihms-1755177.PMC9012449.pdf annot_urls
https://bitbucket.org/pennhlp/twitter_data_download/src/master org,bitbucket)/pennhlp/twitter_data_download/src/master 202110 oa_pdf/18/e3/40264_2020_Article_998.PMC7847442.pdf annot_urls
https://bitbucket.org/heidilischer/ibex/src org,bitbucket)/heidilischer/ibex/src 202110 oa_pdf/74/86/MEN-21-2350.PMC8518545.pdf annot_urls
https://bitbucket.org/dan2097/patent-reaction-extraction/downloads org,bitbucket)/dan2097/patent-reaction-extraction/downloads 202110 oa_pdf/12/0c/ao1c04017.PMC8529678.pdf annot_urls
https://bitbucket.org/steinlabunc/numorph org,bitbucket)/steinlabunc/numorph 202110 oa_pdf/ea/c7/nihms-1747911.PMC8530274.pdf annot_urls
https://bitbucket.org/hamimzafar/monovar org,bitbucket)/hamimzafar/monovar 202110 oa_pdf/b5/af/main.PMC8561166.pdf annot_urls
https://bitbucket.org/jerry00/scumi-dev/src/master/r/marker_gene/human_pbmc_marker.rda org,bitbucket)/jerry00/scumi-dev/src/master/r/marker_gene/human_pbmc_marker.rda 202110 oa_pdf/c5/a9/main.PMC8572862.pdf annot_urls
https://bitbucket.org/tguenther/read/src/master org,bitbucket)/tguenther/read/src/master 202110 oa_pdf/94/73/main.PMC8590084.pdf annot_urls
https://bitbucket.org/berkeleylab/metabat/src/master org,bitbucket)/berkeleylab/metabat/src/master 202110 oa_pdf/73/d0/gkab815.PMC8643649.pdf annot_urls
https://bitbucket.org/grantlab/bio3d/downloads org,bitbucket)/grantlab/bio3d/downloads 202110 oa_pdf/b7/83/msab296.PMC8763131.pdf annot_urls
https://bitbucket.org/feeldead/tfimpute org,bitbucket)/feeldead/tfimpute 202110 oa_pdf/3a/4f/bbab374.PMC8769700.pdf annot_urls
https://bitbucket.org/nadhir/find org,bitbucket)/nadhir/find 201803 oa_pdf/61/48/412.PMC5848619.pdf annot_urls
https://bitbucket.org/yaanlpc/rgaugury org,bitbucket)/yaanlpc/rgaugury 202002 oa_pdf/f8/08/PBI-18-581.PMC6953202.pdf annot_urls
https://bitbucket.org/uwlabmed/msings org,bitbucket)/uwlabmed/msings 202002 oa_pdf/4e/af/main.PMC7038441.pdf annot_urls
https://bitbucket.org/comp_bio/idiffir org,bitbucket)/comp_bio/idiffir 202002 oa_pdf/44/e7/main.PMC7078297.pdf annot_urls
https://bitbucket.org/4dnucleome/3depiloop org,bitbucket)/4dnucleome/3depiloop 202002 oa_pdf/97/5f/main.PMC7090358.pdf annot_urls
https://bitbucket.org/eddiewrc/cdkoma org,bitbucket)/eddiewrc/cdkoma 202002 oa_pdf/79/87/lqaa011.PMC7671306.pdf annot_urls
https://bitbucket.org/snippets/msmid/le949d/identify-circularrna-reads org,bitbucket)/snippets/msmid/le949d/identify-circularrna-reads 202002 oa_pdf/1f/2b/bbaa001.PMC7986655.pdf annot_urls
https://bitbucket.org/gavinband/bgen/wiki/bgenix org,bitbucket)/gavinband/bgen/wiki/bgenix 201911 oa_pdf/68/ba/str-50-3004.PMC6824502.pdf annot_urls
https://bitbucket.org/hamimzafar/siclonefit org,bitbucket)/hamimzafar/siclonefit 201911 oa_pdf/73/4d/1847.PMC6836738.pdf annot_urls
https://bitbucket.org/erikdassi/rbp-rbp-network org,bitbucket)/erikdassi/rbp-rbp-network 201911 oa_pdf/da/59/main.PMC6864347.pdf annot_urls
https://bitbucket.org/bchradiology/u-net/src org,bitbucket)/bchradiology/u-net/src 201911 oa_pdf/8d/d0/main.PMC6909142.pdf annot_urls
https://bitbucket.org/caseywdunn/hutan org,bitbucket)/caseywdunn/hutan 201511 oa_pdf/d6/d8/syv055.PMC4604836.pdf annot_urls
https://bitbucket.org/james_taylor/bx-python org,bitbucket)/james_taylor/bx-python 201511 oa_pdf/11/75/ftv076.PMC4622172.pdf annot_urls
https://bitbucket.org/jamesË™taylor/bx-python); org,bitbucket)/james%cb%99taylor/bx-python); 201511 oa_pdf/11/75/ftv076.PMC4622172.pdf text_urls
https://bitbucket.org/ziemertlab/automlst org,bitbucket)/ziemertlab/automlst 201907 oa_pdf/ab/f2/gkz282.PMC6602446.pdf annot_urls
https://bitbucket.org/lcbio/aggrescan3d org,bitbucket)/lcbio/aggrescan3d 201907 oa_pdf/83/a3/gkz321.PMC6602499.pdf annot_urls
https://bitbucket.org/thekswenson/mammal_rearrange_interactions org,bitbucket)/thekswenson/mammal_rearrange_interactions 201907 oa_pdf/fa/14/btz343.PMC6612848.pdf annot_urls
https://bitbucket.org/thekswenson/locality org,bitbucket)/thekswenson/locality 201907 oa_pdf/fa/14/btz343.PMC6612848.pdf annot_urls
https://bitbucket.org/tanaylab/schic2/src/default org,bitbucket)/tanaylab/schic2/src/default 201907 oa_pdf/0e/06/pnas.201901423.PMC6628819.pdf annot_urls
https://bitbucket.org/mpinbaierlab/zebramaze/src/master org,bitbucket)/mpinbaierlab/zebramaze/src/master 201907 oa_pdf/47/c0/main.PMC6669324.pdf annot_urls
https://bitbucket.org/amarallab/network-cartography org,bitbucket)/amarallab/network-cartography 201907 oa_pdf/0c/74/pnas.201902046.PMC6681765.pdf annot_urls
https://bitbucket.org/marianofl1971/mediatorkbservice/src/master/evaluation/all_datasets_cmm.xls org,bitbucket)/marianofl1971/mediatorkbservice/src/master/evaluation/all_datasets_cmm.xls 201907 oa_pdf/c2/46/main.PMC6709375.pdf annot_urls
https://marianofl1971@bitbucket.org/marianofl1971/mediatorkbservice.git org,bitbucket)/marianofl1971/mediatorkbservice.git 201907 oa_pdf/c2/46/main.PMC6709375.pdf text_urls
https://bitbucket.org/jgarbe org,bitbucket)/jgarbe 201907 oa_pdf/75/76/10.1177_0963689719836763.PMC6719500.pdf text_urls
https://bitbucket.org/biobakery/kneaddata/wiki/home org,bitbucket)/biobakery/kneaddata/wiki/home 201907 oa_pdf/0e/d7/INA-29-551.PMC6851865.pdf annot_urls
https://bitbucket.org/tashiraka/medaka_hic org,bitbucket)/tashiraka/medaka_hic 202106 oa_pdf/63/56/968.PMC8168583.pdf annot_urls
https://bitbucket.org/muellerflorian/fish_quant org,bitbucket)/muellerflorian/fish_quant 202106 oa_pdf/5e/08/main.PMC8185307.pdf annot_urls
https://bitbucket.org/muellerflorian/fish_quant/src/master/documentation org,bitbucket)/muellerflorian/fish_quant/src/master/documentation 202106 oa_pdf/5e/08/main.PMC8185307.pdf annot_urls
https://bitbucket.org/muellerflorian/fish_quant/src/master org,bitbucket)/muellerflorian/fish_quant/src/master 202106 oa_pdf/5e/08/main.PMC8185307.pdf annot_urls
https://bitbucket.org/berkeleylab/checkv/src/master org,bitbucket)/berkeleylab/checkv/src/master 202106 oa_pdf/b9/f8/pnas.202023202.PMC8201803.pdf annot_urls
https://bitbucket.org/srikarchamala/covid_ org,bitbucket)/srikarchamala/covid_ 202106 oa_pdf/ca/c6/10.1177_23742895211020485.PMC8209787.pdf annot_urls
https://bitbucket.org/sarkerlab/gender-detection-for-public org,bitbucket)/sarkerlab/gender-detection-for-public 202106 oa_pdf/95/a4/ooab042.PMC8220305.pdf annot_urls
https://bitbucket.org/sacgf/bam-matcher/src/master org,bitbucket)/sacgf/bam-matcher/src/master 202106 oa_pdf/13/54/main.PMC8254024.pdf annot_urls
https://bitbucket.org/sequenzatools/sequenza/src/master org,bitbucket)/sequenzatools/sequenza/src/master 202106 oa_pdf/13/54/main.PMC8254024.pdf annot_urls
https://bitbucket.org/eric org,bitbucket)/eric 201301 oa_pdf/af/db/gks1108.PMC3531061.pdf text_urls
https://bitbucket.org/izhbannikov/seqyclean/get/stable.zip org,bitbucket)/izhbannikov/seqyclean/get/stable.zip 201706 oa_pdf/ac/b9/main.PMC5480813.pdf annot_urls
https://bitbucket.org/chrisarg/rnaseqgamlss org,bitbucket)/chrisarg/rnaseqgamlss 201706 oa_pdf/9f/c7/gkx199.PMC5499834.pdf annot_urls
https://bitbucket.org/wrf/genome-reannotations/downloads org,bitbucket)/wrf/genome-reannotations/downloads 201706 oa_pdf/6f/ef/evx103.PMC5534336.pdf annot_urls
https://bitbucket.org/mthjwu/sccgi-seq org,bitbucket)/mthjwu/sccgi-seq 201706 oa_pdf/e8/15/gkx026.PMC5605247.pdf annot_urls
https://bitbucket.org/bromberglab/bromberglab-clubber org,bitbucket)/bromberglab/bromberglab-clubber 201706 oa_pdf/8d/af/jib-14-20170020.PMC5929469.pdf text_urls
https://bitbucket.org/leslielab/chimiric org,bitbucket)/leslielab/chimiric 201706 oa_pdf/8b/ae/bbx063.PMC6291801.pdf annot_urls
https://bitbucket.org/lynnlab/longevity org,bitbucket)/lynnlab/longevity 202203 oa_pdf/71/c0/main.PMC8904607.pdf annot_urls
https://bitbucket.org/treeview3dev/treeview3 org,bitbucket)/treeview3dev/treeview3 202203 oa_pdf/2f/58/nihms-1787449.PMC8958721.pdf annot_urls
https://bitbucket.org/berkeleylab/metabat/src/master org,bitbucket)/berkeleylab/metabat/src/master 202203 oa_pdf/26/80/main.PMC8971930.pdf annot_urls
https://bitbucket.org/tshima/classify_cdk2_ligands org,bitbucket)/tshima/classify_cdk2_ligands 202203 oa_pdf/cc/7d/ao1c06976.PMC8973106.pdf annot_urls
https://bitbucket.org/tguenther/read/src/master org,bitbucket)/tguenther/read/src/master 202203 oa_pdf/12/8f/main.PMC8983337.pdf annot_urls
https://bitbucket.org/regulatorygenomicsupf/svm-bpfinder/src/master org,bitbucket)/regulatorygenomicsupf/svm-bpfinder/src/master 202203 oa_pdf/4b/6c/gkac154.PMC8989529.pdf annot_urls
https://bitbucket.org/wenxiu/sequence-shape.git org,bitbucket)/wenxiu/sequence-shape.git 201710 oa_pdf/c6/63/btx336.PMC5870879.pdf annot_urls
https://bitbucket.org/mirnylab/hiclib org,bitbucket)/mirnylab/hiclib 201602 oa_pdf/ab/b4/1500882.PMC4788486.pdf annot_urls
https://bitbucket.org/tilmweber/clusean org,bitbucket)/tilmweber/clusean 201602 oa_pdf/aa/df/main.PMC5640684.pdf annot_urls
https://bitbucket.org/secmetbioinf/portal org,bitbucket)/secmetbioinf/portal 201602 oa_pdf/aa/df/main.PMC5640684.pdf annot_urls
https://bitbucket.org/qbilius/df org,bitbucket)/qbilius/df 201310 oa_pdf/70/7a/i-perception-4-493.PMC4129382.pdf annot_urls
https://bitbucket.org/canzar/splicehunter org,bitbucket)/canzar/splicehunter 201701 oa_pdf/9f/b6/145.PMC5204338.pdf annot_urls
https://bitbucket.org/usdbioinformatics/tds-v1-sources org,bitbucket)/usdbioinformatics/tds-v1-sources 201701 oa_pdf/73/d0/gkw940.PMC5210639.pdf annot_urls
https://bitbucket.org/ibi_group/disgenet2r org,bitbucket)/ibi_group/disgenet2r 201701 oa_pdf/0a/1e/gkw943.PMC5210640.pdf annot_urls
https://bitbucket.org/khatrilab/meta-analysis-comparison-code org,bitbucket)/khatrilab/meta-analysis-comparison-code 201701 oa_pdf/f6/e8/gkw797.PMC5224496.pdf annot_urls
https://bitbucket.org/mavericlab/rnaseq-cba38-1-phage-host-time-series org,bitbucket)/mavericlab/rnaseq-cba38-1-phage-host-time-series 201701 oa_pdf/3b/a0/ismej201681a.PMC5335546.pdf annot_urls
https://bitbucket.org/regulatorygenomicsupf/svm-bpfinder org,bitbucket)/regulatorygenomicsupf/svm-bpfinder 201812 oa_pdf/5c/b8/1647.PMC6239175.pdf annot_urls
https://bitbucket.org/amine-namouchi/snptoolkit org,bitbucket)/amine-namouchi/snptoolkit 201812 oa_pdf/a0/12/pnas.201812865.PMC6294933.pdf annot_urls
https://bitbucket.org/schnell-lab/upr_feedback_ org,bitbucket)/schnell-lab/upr_feedback_ 201812 oa_pdf/9a/89/mbc-29-3052.PMC6333173.pdf text_urls
https://bitbucket.org/young_computation/rose org,bitbucket)/young_computation/rose 202101 oa_pdf/8c/e7/main.PMC7817874.pdf annot_urls
https://bitbucket.org/diriano/mytfdb org,bitbucket)/diriano/mytfdb 202101 oa_pdf/8e/12/APS3-9-e11407.PMC7845765.pdf annot_urls
https://bitbucket.org/datasetsppi/ppi_humanproteome/src/master org,bitbucket)/datasetsppi/ppi_humanproteome/src/master 202101 oa_pdf/68/36/40291_2020_Article_505.PMC7847983.pdf annot_urls
https://bitbucket.org/jbaaijens/savage/src org,bitbucket)/jbaaijens/savage/src 202101 oa_pdf/ed/31/bbaa386.PMC7929396.pdf annot_urls
https://bitbucket.org/genomicepidemiology/kma org,bitbucket)/genomicepidemiology/kma 202101 oa_pdf/ed/31/bbaa386.PMC7929396.pdf annot_urls
https://bitbucket.org/xavmeyer/coevrj org,bitbucket)/xavmeyer/coevrj 202101 oa_pdf/05/c5/syab004.PMC8357345.pdf annot_urls
https://bitbucket.org/eraineri/chaser org,bitbucket)/eraineri/chaser 202005 oa_pdf/f0/b7/gkaa159.PMC7192625.pdf annot_urls
https://bitbucket.org/adina/rep-mconvindia org,bitbucket)/adina/rep-mconvindia 202005 oa_pdf/3e/aa/aaz8681.PMC7202883.pdf annot_urls
https://bitbucket.org/bkaus/lamem/branch/cvi_test org,bitbucket)/bkaus/lamem/branch/cvi_test 202005 oa_pdf/3e/aa/aaz8681.PMC7202883.pdf annot_urls
https://bitbucket.org/mavericlab/docker-clustergenomes org,bitbucket)/mavericlab/docker-clustergenomes 202005 oa_pdf/79/7a/pnas.201921859.PMC7229680.pdf annot_urls
https://bitbucket.org/tuliocampos/essential_elegans org,bitbucket)/tuliocampos/essential_elegans 202005 oa_pdf/7c/ab/main.PMC7251299.pdf annot_urls
https://bitbucket.org/pennhlp/twitter_data_download/src/master org,bitbucket)/pennhlp/twitter_data_download/src/master 202005 oa_pdf/e7/f9/nihpp-2020.05.05.20083436.PMC7273260.pdf text_urls
https://bitbucket.org/wolverton/magpie org,bitbucket)/wolverton/magpie 201804 oa_pdf/d1/7d/aaq1566.PMC5898831.pdf annot_urls
https://bitbucket.org/young_computation/rose org,bitbucket)/young_computation/rose 201804 oa_pdf/48/ab/aar8187.PMC5906078.pdf annot_urls
https://bitbucket.org/sgrann/chemmodseqpipeline org,bitbucket)/sgrann/chemmodseqpipeline 201804 oa_pdf/7d/f3/gky036.PMC5909432.pdf annot_urls
https://bitbucket.org/sbpowell/underwater-pol-nav org,bitbucket)/sbpowell/underwater-pol-nav 201804 oa_pdf/65/76/aao6841.PMC5938230.pdf annot_urls
https://bitbucket.org/tracerxrenal/cell-paper-data-2018 org,bitbucket)/tracerxrenal/cell-paper-data-2018 201804 oa_pdf/5d/3d/main.PMC5938365.pdf annot_urls
https://bitbucket.org/rso24/ddr org,bitbucket)/rso24/ddr 201804 oa_pdf/d6/18/btx731.PMC5998943.pdf annot_urls
https://bitbucket.org/james_taylor/bx-python/wiki/bnmapper org,bitbucket)/james_taylor/bx-python/wiki/bnmapper 201412 oa_pdf/b1/9c/1963.PMC4248313.pdf annot_urls
https://bitbucket.org/danc/pcornet-dm org,bitbucket)/danc/pcornet-dm 201609 oa_pdf/fe/9b/ocv188.PMC4997035.pdf annot_urls
https://bitbucket.org/charade/svengine org,bitbucket)/charade/svengine 201609 oa_pdf/64/c3/gkw481.PMC5009736.pdf annot_urls
https://bitbucket.org/charade/swan org,bitbucket)/charade/swan 201609 oa_pdf/64/c3/gkw481.PMC5009736.pdf annot_urls
https://bitbucket.org/horizongir/bonsai.neuro org,bitbucket)/horizongir/bonsai.neuro 201408 oa_pdf/55/c9/ncomms5560.PMC4143931.pdf annot_urls
https://bitbucket.org/muellerflorian/fish_quant/src/master/oligostan/oligostan.r org,bitbucket)/muellerflorian/fish_quant/src/master/oligostan/oligostan.r 202009 oa_pdf/90/e4/main.PMC7580239.pdf annot_urls
https://bitbucket.org/muellerflorian/fish_quant/src/master/oligostan/documentation org,bitbucket)/muellerflorian/fish_quant/src/master/oligostan/documentation 202009 oa_pdf/90/e4/main.PMC7580239.pdf annot_urls
https://bitbucket.org/clonosuite org,bitbucket)/clonosuite 201808 oa_pdf/12/2b/nihms-1505938.PMC6172041.pdf annot_urls
https://bitbucket.org/mdonohue/ltjmm org,bitbucket)/mdonohue/ltjmm 201808 oa_pdf/f3/04/main.PMC6234901.pdf annot_urls
https://bitbucket.org/biobakery/biobakery/wiki/home org,bitbucket)/biobakery/biobakery/wiki/home 201808 oa_pdf/18/4f/pyy067.PMC6313131.pdf annot_urls
https://bitbucket.org/ibi_group/comorbidity org,bitbucket)/ibi_group/comorbidity 201809 oa_pdf/fd/6b/bty315.PMC6137966.pdf annot_urls
https://bitbucket.org/compbio/mechrna org,bitbucket)/compbio/mechrna 201809 oa_pdf/b5/03/bty208.PMC6137976.pdf annot_urls
https://bitbucket.org/lkalesinskas/splot org,bitbucket)/lkalesinskas/splot 201809 oa_pdf/77/c8/10.1177_1176934318797354.PMC6144591.pdf annot_urls
https://bitbucket.org/wanglab-upenn/inferno org,bitbucket)/wanglab-upenn/inferno 201809 oa_pdf/0e/5d/gky686.PMC6158604.pdf annot_urls
https://bitbucket.org/evolegiolab/legionellalesabundancedata org,bitbucket)/evolegiolab/legionellalesabundancedata 201809 oa_pdf/ea/a5/fiy185.PMC6167759.pdf annot_urls
https://bitbucket.org/drlachie/fucci-lineage-code org,bitbucket)/drlachie/fucci-lineage-code 201809 oa_pdf/5f/4f/kccy-17-16-1511511.PMC6260211.pdf annot_urls
https://bitbucket.org/willseylab/tourette_phase2/src/master org,bitbucket)/willseylab/tourette_phase2/src/master 201809 oa_pdf/e1/a2/nihms-1508956.PMC6475626.pdf annot_urls
https://www.bitbucket.org/willseylab/tourette_phase2/src/master org,bitbucket)/willseylab/tourette_phase2/src/master 201809 oa_pdf/e1/a2/nihms-1508956.PMC6475626.pdf annot_urls
https://bitbucket.org/pennhlp/twitter_data_download/src/master org,bitbucket)/pennhlp/twitter_data_download/src/master 202008 oa_pdf/25/5d/main.PMC7481818.pdf annot_urls
https://bitbucket.org/genomicepidemiology/resfinder org,bitbucket)/genomicepidemiology/resfinder 202008 oa_pdf/f2/29/dkaa345.PMC7662176.pdf annot_urls
https://bitbucket.org/genomicepidemiology/foodqcpipeline org,bitbucket)/genomicepidemiology/foodqcpipeline 202008 oa_pdf/f2/29/dkaa345.PMC7662176.pdf annot_urls
https://bitbucket.org/genomicepidemiology/resfinder_db org,bitbucket)/genomicepidemiology/resfinder_db 202008 oa_pdf/f2/29/dkaa345.PMC7662176.pdf annot_urls
https://bitbucket.org/genomicepidemiology/pointfinder_db org,bitbucket)/genomicepidemiology/pointfinder_db 202008 oa_pdf/f2/29/dkaa345.PMC7662176.pdf annot_urls
https://bitbucket.org/mnm-lu/rna-editing org,bitbucket)/mnm-lu/rna-editing 201805 oa_pdf/31/c3/673.PMC5900565.pdf annot_urls
https://bitbucket.org/bkasap/dynamicparallelismsnn org,bitbucket)/bkasap/dynamicparallelismsnn 201805 oa_pdf/9b/ed/emss-79601.PMC6147227.pdf annot_urls
https://bitbucket.org/metrumrg/bugsmodellibrary/wiki/home org,bitbucket)/metrumrg/bugsmodellibrary/wiki/home 201805 oa_pdf/f4/a1/PSP4-7-298.PMC6561612.pdf annot_urls
https://bitbucket.org/david_baddeley/python-microscopy org,bitbucket)/david_baddeley/python-microscopy 202004 oa_pdf/d3/9f/aay4472.PMC7112945.pdf annot_urls
https://bitbucket.org/cmartiga/pydsreg/src/master org,bitbucket)/cmartiga/pydsreg/src/master 202004 oa_pdf/a6/94/btz915.PMC7141860.pdf annot_urls
https://bitbucket.org/cmartiga/dsreg org,bitbucket)/cmartiga/dsreg 202004 oa_pdf/a6/94/btz915.PMC7141860.pdf annot_urls
https://bitbucket.org/oesperlab/stereodist org,bitbucket)/oesperlab/stereodist 202004 oa_pdf/3b/24/btz869.PMC7141873.pdf annot_urls
https://bitbucket.org/cflaig/parosol/src/default org,bitbucket)/cflaig/parosol/src/default 202004 oa_pdf/e4/cb/main.PMC7163060.pdf annot_urls
https://bitbucket.org/sonnhammergrni/genespider org,bitbucket)/sonnhammergrni/genespider 202004 oa_pdf/a4/74/btz950.PMC7178405.pdf annot_urls
https://bitbucket.org/berkeleylab/metabat org,bitbucket)/berkeleylab/metabat 202004 oa_pdf/75/2c/main.PMC7240055.pdf annot_urls
https://bitbucket.org/pennhlp/twitter_data_download/src/master org,bitbucket)/pennhlp/twitter_data_download/src/master 202004 oa_pdf/bd/e6/nihpp-2020.04.19.20069948.PMC7276035.pdf annot_urls
https://bitbucket.org/uperron/ambiguity_coding org,bitbucket)/uperron/ambiguity_coding 202004 oa_pdf/7f/41/syaa036.PMC7744038.pdf annot_urls
https://bitbucket.org/sacgf/2014 org,bitbucket)/sacgf/2014 201501 oa_pdf/f5/9f/gku1242.PMC4288155.pdf text_urls
https://bitbucket.org/rom218/polynucleotide_protein_sim/src/master org,bitbucket)/rom218/polynucleotide_protein_sim/src/master 202012 oa_pdf/0f/9f/gkaa1099.PMC7736803.pdf annot_urls
https://bitbucket.org/plyusnin/lazypipe org,bitbucket)/plyusnin/lazypipe 202012 oa_pdf/50/42/veaa091.PMC7772471.pdf annot_urls
https://bitbucket.org/kleinstein/projects/src/master/lindenbaum2020 org,bitbucket)/kleinstein/projects/src/master/lindenbaum2020 202012 oa_pdf/a9/e8/gkaa1160.PMC7913774.pdf annot_urls
https://bitbucket.org/ahsanfasih/mitodesigner/src/master org,bitbucket)/ahsanfasih/mitodesigner/src/master 202012 oa_pdf/28/c2/nihms-1658641.PMC7927156.pdf annot_urls
https://bitbucket.org/vboza/deepnano org,bitbucket)/vboza/deepnano 202012 oa_pdf/89/dd/btaa953.PMC8189681.pdf annot_urls
https://bitbucket.org/pythoncardiacmodel/publicpythoncardiacmodel/src/master org,bitbucket)/pythoncardiacmodel/publicpythoncardiacmodel/src/master 202012 oa_pdf/d8/89/main.PMC8233458.pdf annot_urls
https://bitbucket.org/genomicepidemiology/cge_core_module org,bitbucket)/genomicepidemiology/cge_core_module 201901 oa_pdf/d8/1d/gky1050.PMC6323999.pdf annot_urls
https://bitbucket.org/jinenstar org,bitbucket)/jinenstar 201901 oa_pdf/6e/c0/10.1177_1176934318821072.PMC6335656.pdf annot_urls
https://bitbucket.org/thashim/piq-single org,bitbucket)/thashim/piq-single 201901 oa_pdf/af/18/emss-81493.PMC6363099.pdf annot_urls
https://bitbucket.org/cob87icw6z/cafe org,bitbucket)/cob87icw6z/cafe 201405 oa_pdf/84/49/btu028.PMC4016701.pdf annot_urls
https://bitbucket.org/khanghoj/epipaleomix org,bitbucket)/khanghoj/epipaleomix 201612 oa_pdf/41/f5/msw184.PMC5100044.pdf annot_urls
https://bitbucket.org/3dome/3dgnome org,bitbucket)/3dome/3dgnome 201612 oa_pdf/2a/18/1697.PMC5131821.pdf annot_urls
https://bitbucket.org/muellerflorian/fish_quant org,bitbucket)/muellerflorian/fish_quant 201612 oa_pdf/37/71/gkw784.PMC5159540.pdf annot_urls
https://bitbucket.org/yogita_sharma/ctcf org,bitbucket)/yogita_sharma/ctcf 201612 oa_pdf/d0/e6/gkw785.PMC5159541.pdf annot_urls
https://bitbucket.org/lussierlab/faime-opensource org,bitbucket)/lussierlab/faime-opensource 201307 oa_pdf/0f/ce/amiajnl-2012-001519.PMC3721168.pdf annot_urls
https://bitbucket.org/rinatias/anat/branch/opensource org,bitbucket)/rinatias/anat/branch/opensource 201604 oa_pdf/23/ef/541.PMC4817777.pdf annot_urls
https://bitbucket.org/rinatias/anat/branch/opensource org,bitbucket)/rinatias/anat/branch/opensource 201604 oa_pdf/f2/62/554.PMC4817778.pdf annot_urls
https://bitbucket.org/plibrado/lsd org,bitbucket)/plibrado/lsd 201806 oa_pdf/70/22/msy053.PMC5967574.pdf annot_urls
https://bitbucket.org/pli-brado/lsd org,bitbucket)/pli-brado/lsd 201806 oa_pdf/70/22/msy053.PMC5967574.pdf text_urls
https://bitbucket.org/oscarvargash/lecythidaceae_plastomes org,bitbucket)/oscarvargash/lecythidaceae_plastomes 201806 oa_pdf/bd/b0/APS3-6-e01151.PMC5991589.pdf annot_urls
https://bitbucket.org/prantikk/me-ica org,bitbucket)/prantikk/me-ica 201806 oa_pdf/33/65/main.PMC6034583.pdf annot_urls
https://bitbucket.org/ftaverna/biomex org,bitbucket)/ftaverna/biomex 202007 oa_pdf/f4/00/gkaa332.PMC7319461.pdf annot_urls
https://bitbucket.org/4dnucleome/spatial_chromatin_architecture org,bitbucket)/4dnucleome/spatial_chromatin_architecture 202007 oa_pdf/c3/a3/gkaa388.PMC7319547.pdf annot_urls
https://bitbucket.org/kap_devkota/glide org,bitbucket)/kap_devkota/glide 202007 oa_pdf/a3/04/btaa459.PMC7355260.pdf annot_urls
https://bitbucket.org/genomicepidemiology/pointfinder/src/master org,bitbucket)/genomicepidemiology/pointfinder/src/master 202007 oa_pdf/d3/29/idr-13-2205.PMC7360418.pdf annot_urls
https://bitbucket.org/genomicepidemiology/pointfinder_db/src/master org,bitbucket)/genomicepidemiology/pointfinder_db/src/master 202007 oa_pdf/d3/29/idr-13-2205.PMC7360418.pdf annot_urls
https://bitbucket.org/liulab/trust/src/master org,bitbucket)/liulab/trust/src/master 202007 oa_pdf/eb/9b/main.PMC7366105.pdf annot_urls
https://bitbucket.org/bejerano/hcoerosions org,bitbucket)/bejerano/hcoerosions 202007 oa_pdf/e5/45/gkaa550.PMC7498332.pdf annot_urls
https://bitbucket.org/genomicepidemiology/resfinder_db org,bitbucket)/genomicepidemiology/resfinder_db 202007 oa_pdf/69/fc/dkaa257.PMC7566382.pdf annot_urls
https://bitbucket.org/tuliocampos/essential_melanogaster org,bitbucket)/tuliocampos/essential_melanogaster 202007 oa_pdf/2e/8c/lqaa051.PMC7671374.pdf annot_urls
https://bitbucket.org/daniele_silvestro/phylotraitsimulator/src/master org,bitbucket)/daniele_silvestro/phylotraitsimulator/src/master 202007 oa_pdf/cb/14/syaa055.PMC7875446.pdf annot_urls
https://bitbucket.org/nicofmay/cumulativeindel org,bitbucket)/nicofmay/cumulativeindel 202007 oa_pdf/2c/69/syaa050.PMC8559576.pdf text_urls
https://bitbucket.org/corinnaernst/pancake/wiki/home org,bitbucket)/corinnaernst/pancake/wiki/home 201502 oa_pdf/1c/48/main.PMC4411478.pdf annot_urls
https://bitbucket.org/young_computation/rose/src/master org,bitbucket)/young_computation/rose/src/master 202011 oa_pdf/09/2c/nihms-1645784.PMC7682620.pdf annot_urls
https://bitbucket.org/mcgranahanlab/lohhla/src/master org,bitbucket)/mcgranahanlab/lohhla/src/master 202011 oa_pdf/57/ec/main.PMC7691441.pdf annot_urls
https://bitbucket.org/jgarbe/gopher-pipelines/overview org,bitbucket)/jgarbe/gopher-pipelines/overview 202011 oa_pdf/3a/92/STEM-38-1400.PMC7693041.pdf annot_urls
https://bitbucket.org/asarker/lexexp org,bitbucket)/asarker/lexexp 202011 oa_pdf/86/c8/btaa995.PMC8388038.pdf annot_urls
https://bitbucket.org/lcbio/cabsflex org,bitbucket)/lcbio/cabsflex 201902 oa_pdf/da/c4/bty685.PMC6379018.pdf annot_urls
https://bitbucket.org/cbgr/co-binding org,bitbucket)/cbgr/co-binding 201902 oa_pdf/08/a2/gky1210.PMC6393237.pdf annot_urls
https://bitbucket.org/cbgr/chip-eat org,bitbucket)/cbgr/chip-eat 201902 oa_pdf/08/a2/gky1210.PMC6393237.pdf annot_urls
https://bitbucket.org/cbgr/unibind org,bitbucket)/cbgr/unibind 201902 oa_pdf/08/a2/gky1210.PMC6393237.pdf annot_urls
https://bitbucket.org/biobakery/kneaddata/wiki/home org,bitbucket)/biobakery/kneaddata/wiki/home 201902 oa_pdf/78/17/nihms-1524298.PMC6435281.pdf annot_urls
https://bitbucket.org/stevenhancock/gedisimulator org,bitbucket)/stevenhancock/gedisimulator 201902 oa_pdf/91/9e/ESS2-6-294.PMC6472476.pdf annot_urls
https://tokudakeita@bitbucket.org/tokudakeita/sreft org,bitbucket)/tokudakeita/sreft 201902 oa_pdf/16/e4/CPT-105-436.PMC6617977.pdf annot_urls
https://bitbucket.org/henryhzhang/rcircos org,bitbucket)/henryhzhang/rcircos 201902 oa_pdf/a1/86/CG-20-90.PMC6728899.pdf text_urls
https://bitbucket.org/young_computation org,bitbucket)/young_computation 202103 oa_pdf/96/e6/EMS129423.PMC7611173.pdf annot_urls
https://bitbucket.org/shanwai1234/coldgenepredict/src/master org,bitbucket)/shanwai1234/coldgenepredict/src/master 202103 oa_pdf/ab/c9/pnas.202026330.PMC7958178.pdf annot_urls
https://bitbucket.org/hauertlab/tpac/src/master org,bitbucket)/hauertlab/tpac/src/master 202103 oa_pdf/ac/bb/ijn-16-2585.PMC8020455.pdf annot_urls
https://bitbucket.org/zhesna/opt4e org,bitbucket)/zhesna/opt4e 202103 oa_pdf/03/7b/main.PMC8047123.pdf annot_urls
https://bitbucket.org/young_computation/rose/src/master org,bitbucket)/young_computation/rose/src/master 202103 oa_pdf/f0/b3/nihms-1689260.PMC8111960.pdf annot_urls
https://bitbucket.org/berkeleylab/feba org,bitbucket)/berkeleylab/feba 202103 oa_pdf/fb/c8/nihms-1679707.PMC8121099.pdf annot_urls
https://bitbucket.org/berkeleylab/metabat org,bitbucket)/berkeleylab/metabat 202103 oa_pdf/9b/0e/bbab030.PMC8425419.pdf annot_urls
https://bitbucket.org/jbaaijens/savage org,bitbucket)/jbaaijens/savage 202103 oa_pdf/9b/0e/bbab030.PMC8425419.pdf annot_urls
https://bitbucket.org/nsegata/phylophlan/wiki/phylophlan2 org,bitbucket)/nsegata/phylophlan/wiki/phylophlan2 202103 oa_pdf/b3/d9/mgen-7-0546.PMC8627662.pdf annot_urls
https://www.bitbucket.org/lwaldron/survhd org,bitbucket)/lwaldron/survhd 201406 oa_pdf/e3/a0/btu279.PMC4058929.pdf annot_urls
https://bitbucket.org/nsegata/graphlan org,bitbucket)/nsegata/graphlan 201406 oa_pdf/a9/4f/ncomms4985.PMC4059924.pdf annot_urls
https://bitbucket.org/amine-namouchi/snptoolkit org,bitbucket)/amine-namouchi/snptoolkit 201810 oa_pdf/6a/1f/pnas.201807266.PMC6187149.pdf annot_urls
https://bitbucket.org/rahuldeo/echocv org,bitbucket)/rahuldeo/echocv 201810 oa_pdf/49/df/cir-138-1623.PMC6200386.pdf text_urls
https://bitbucket.org/genomicepidemiology/resfinder_db org,bitbucket)/genomicepidemiology/resfinder_db 201810 oa_pdf/6e/f5/AOR-42-983.PMC6220828.pdf annot_urls
https://bitbucket.org/ecrl/scpdsi/src/master org,bitbucket)/ecrl/scpdsi/src/master 201810 oa_pdf/de/e7/GRL-45-10619.PMC6282810.pdf annot_urls
https://bitbucket.org/biobakery/maaslin org,bitbucket)/biobakery/maaslin 201810 oa_pdf/6a/b9/kgmi-10-03-1528822.PMC6546312.pdf annot_urls
https://bitbucket.org/gcst/geos-chem org,bitbucket)/gcst/geos-chem 201810 oa_pdf/8f/32/GH2-2-298.PMC7007101.pdf annot_urls
https://bitbucket.org/lwaldron/curatedovariandata org,bitbucket)/lwaldron/curatedovariandata 201304 oa_pdf/88/57/bat013.PMC3625954.pdf annot_urls
https://bitbucket.org/oaxiom/big_tree_pub org,bitbucket)/oaxiom/big_tree_pub 201703 oa_pdf/37/e2/gkx054.PMC5389706.pdf annot_urls
https://bitbucket.org/xavmeyer/hogan org,bitbucket)/xavmeyer/hogan 201703 oa_pdf/f2/47/btw712.PMC5408833.pdf annot_urls
https://bitbucket.org/youngl/ursa_backend org,bitbucket)/youngl/ursa_backend 201312 oa_pdf/67/aa/btt529.PMC3834796.pdf annot_urls
https://bitbucket.org/nspies/buildpolyaclusters org,bitbucket)/nspies/buildpolyaclusters 201312 oa_pdf/94/27/2078.PMC3847777.pdf annot_urls
https://bitbucket.org/gpcr/protwis org,bitbucket)/gpcr/protwis 201607 oa_pdf/c1/81/BPH-173-2195.PMC4919580.pdf annot_urls
https://bitbucket.org/yuvalel/repgenhmm/downloads org,bitbucket)/yuvalel/repgenhmm/downloads 201607 oa_pdf/31/92/btw112.PMC4920122.pdf annot_urls
https://bitbucket.org/albags/disgenet2r org,bitbucket)/albags/disgenet2r 201607 oa_pdf/7a/49/btw214.PMC4937199.pdf annot_urls
https://bitbucket.org/jasonmacrander/anemone_tissue org,bitbucket)/jasonmacrander/anemone_tissue 201607 oa_pdf/4f/cd/evw155.PMC5010892.pdf annot_urls
https://bitbucket.org/jdwinkler/laser_release org,bitbucket)/jdwinkler/laser_release 201607 oa_pdf/37/d1/main.PMC5779719.pdf annot_urls
https://bitbucket.org/james_taylor/bx-python org,bitbucket)/james_taylor/bx-python 201109 oa_pdf/f9/8e/btr398.PMC3157923.pdf text_urls
https://bitbucket.org/account/user/yaarilab/projects/gphp org,bitbucket)/account/user/yaarilab/projects/gphp 202001 oa_pdf/01/21/gkz872.PMC6943044.pdf annot_urls
https://bitbucket.org/cegx-bfx/cegx_bsexpress_docker org,bitbucket)/cegx-bfx/cegx_bsexpress_docker 202001 oa_pdf/4f/f7/gkz1093.PMC6943133.pdf annot_urls
https://bitbucket.org/tanaylab/shaman org,bitbucket)/tanaylab/shaman 202001 oa_pdf/36/94/aax4001.PMC6954061.pdf annot_urls
https://bitbucket.org/rguimera/machine-scientist org,bitbucket)/rguimera/machine-scientist 202001 oa_pdf/4a/4f/aav6971.PMC6994216.pdf annot_urls
https://bitbucket.org/rguimera/machine-scientist/src/no_degeneracy/process-formulas org,bitbucket)/rguimera/machine-scientist/src/no_degeneracy/process-formulas 202001 oa_pdf/4a/4f/aav6971.PMC6994216.pdf annot_urls
https://bitbucket.org/vboza/deepnano org,bitbucket)/vboza/deepnano 202001 oa_pdf/9c/97/main.PMC7013242.pdf annot_urls
https://bitbucket.org/ibi_group/disgenet2r org,bitbucket)/ibi_group/disgenet2r 202001 oa_pdf/4c/0b/gkz1021.PMC7145631.pdf annot_urls
https://bitbucket.org/bbglab org,bitbucket)/bbglab 201309 oa_pdf/f1/a0/41592_2013_Article_BFnmeth2642.PMC5758042.pdf annot_urls
https://bitbucket.org/bbglab/wok org,bitbucket)/bbglab/wok 201309 oa_pdf/f1/a0/41592_2013_Article_BFnmeth2642.PMC5758042.pdf annot_urls
https://bitbucket.org/mjamroz/flexscore org,bitbucket)/mjamroz/flexscore 201606 oa_pdf/5f/6b/btw262.PMC4908346.pdf annot_urls
https://bitbucket.org/whatshap/whatshap org,bitbucket)/whatshap/whatshap 201606 oa_pdf/3a/bc/btw276.PMC4908360.pdf annot_urls
https://chsiung@bitbucket.org/arjunrajlaboratory/hsiung_mitosisreactivation org,bitbucket)/arjunrajlaboratory/hsiung_mitosisreactivation 201606 oa_pdf/d3/30/1423.PMC4926865.pdf annot_urls
https://bitbucket.org/nsegata/graphlan org,bitbucket)/nsegata/graphlan 201606 oa_pdf/4f/f2/ismej2015221a.PMC5029195.pdf annot_urls
https://bitbucket.org/hbc/galaxy-central-hbc org,bitbucket)/hbc/galaxy-central-hbc 201201 oa_pdf/b8/a3/gkr1051.PMC3245064.pdf annot_urls
https://bitbucket.org/rhenao/npl_ebm org,bitbucket)/rhenao/npl_ebm 201702 oa_pdf/6d/2d/main.PMC5360578.pdf annot_urls
https://bitbucket.org/roygroup/merlin-p org,bitbucket)/roygroup/merlin-p 201702 oa_pdf/55/06/gkw963.PMC5389674.pdf annot_urls
https://bitbucket.org/dudleylab/repurposedb org,bitbucket)/dudleylab/repurposedb 201702 oa_pdf/47/94/bbw136.PMC6192146.pdf annot_urls
https://bitbucket.org/young_computation/rose.git org,bitbucket)/young_computation/rose.git 201610 oa_pdf/b2/df/1417.PMC5052056.pdf annot_urls
https://bitbucket.org/swafford/supercuts org,bitbucket)/swafford/supercuts 201610 oa_pdf/b1/da/evw248.PMC5521729.pdf annot_urls
https://bitbucket.org/horizongir/bonsai org,bitbucket)/horizongir/bonsai 201407 oa_pdf/08/5a/ncomms5315.PMC4102112.pdf annot_urls
https://bitbucket.org/splitpairedend/last-split-pe org,bitbucket)/splitpairedend/last-split-pe 201811 oa_pdf/30/cd/bty398.PMC6198854.pdf annot_urls
https://bitbucket.org/isarnassiri/cmeadata org,bitbucket)/isarnassiri/cmeadata 201811 oa_pdf/97/e3/gky626.PMC6212779.pdf annot_urls
https://bitbucket.org/young_computation/rose org,bitbucket)/young_computation/rose 201811 oa_pdf/95/64/nihms-1514166.PMC6321629.pdf annot_urls
https://bitbucket.org/jgarbe/gopher-pipelines/overview org,bitbucket)/jgarbe/gopher-pipelines/overview 201811 oa_pdf/e2/67/nihms-1516188.PMC6350781.pdf annot_urls
https://bitbucket.org/berkeleylab/metabat org,bitbucket)/berkeleylab/metabat 202102 oa_pdf/29/24/abd7180.PMC7875538.pdf annot_urls
https://bitbucket.org/sebastian_boegel/seq2hla/src/default org,bitbucket)/sebastian_boegel/seq2hla/src/default 202102 oa_pdf/8a/f5/IMCB-99-146.PMC7891608.pdf annot_urls
https://bitbucket.org/arp2012/guidescan_public org,bitbucket)/arp2012/guidescan_public 202102 oa_pdf/93/82/lqab013.PMC7902234.pdf annot_urls
https://bitbucket.org/mirnylab/hiclib org,bitbucket)/mirnylab/hiclib 202102 oa_pdf/11/61/gkab094.PMC8034658.pdf text_urls
https://bitbucket.org/hamimzafar/monovar/src/master org,bitbucket)/hamimzafar/monovar/src/master 202102 oa_pdf/66/bb/gkab106.PMC8191788.pdf annot_urls
https://bitbucket.org/cfce/viper org,bitbucket)/cfce/viper 201903 oa_pdf/2e/92/352.PMC6380277.pdf annot_urls
https://bitbucket.org/snippets/msmid/le949d/identify-circularrna-reads org,bitbucket)/snippets/msmid/le949d/identify-circularrna-reads 201903 oa_pdf/8d/6c/356.PMC6396421.pdf annot_urls
https://bitbucket.org/maastro/dicomfileinterface org,bitbucket)/maastro/dicomfileinterface 201903 oa_pdf/28/8e/tom170.PMC6403025.pdf annot_urls
https://bitbucket.org/cradens/t_cell_meta_anlaysis org,bitbucket)/cradens/t_cell_meta_anlaysis 202010 oa_pdf/62/0e/1320.PMC7491319.pdf annot_urls
https://bitbucket.org/mugqic/genpipes org,bitbucket)/mugqic/genpipes 202010 oa_pdf/7c/46/jop-161-2394.PMC7497614.pdf annot_urls
https://bitbucket.org/ustenzel/biohazard-tools org,bitbucket)/ustenzel/biohazard-tools 202010 oa_pdf/1d/ac/1449.PMC7605269.pdf annot_urls
https://www.bitbucket.org/refelix/tina org,bitbucket)/refelix/tina 202010 oa_pdf/05/9f/abb9265.PMC7608795.pdf annot_urls
https://bitbucket.org/csdori/brainarear/src/master org,bitbucket)/csdori/brainarear/src/master 202010 oa_pdf/33/09/main.PMC7644754.pdf annot_urls
https://bitbucket.org/genomicepidemiology/cgmlstfinder/src/master org,bitbucket)/genomicepidemiology/cgmlstfinder/src/master 202010 oa_pdf/98/49/dkaa390.PMC7729385.pdf annot_urls
https://bitbucket.org/genomicepidemiology/foodqcpipeline/src/master org,bitbucket)/genomicepidemiology/foodqcpipeline/src/master 202010 oa_pdf/98/49/dkaa390.PMC7729385.pdf annot_urls
https://bitbucket.org/ronaldjj/film/src/master org,bitbucket)/ronaldjj/film/src/master 202010 oa_pdf/a3/68/bhaa296.PMC8204942.pdf annot_urls
https://bitbucket.org/tara/fpm/src/5813e782542b?at=default org,bitbucket)/tara/fpm/src/5813e782542b?at=default 201503 oa_pdf/c5/42/bbt074.PMC4364064.pdf annot_urls
https://bitbucket.org/szparalab org,bitbucket)/szparalab 201503 oa_pdf/a1/b5/mBio.02213-14.PMC4453532.pdf annot_urls
https://bitbucket.org/csmaxwell/crispr-txtl-pam-counting-script org,bitbucket)/csmaxwell/crispr-txtl-pam-counting-script 202006 oa_pdf/2c/d2/gkaa272.PMC7261169.pdf annot_urls
https://bitbucket.org/mugqic/genpipes org,bitbucket)/mugqic/genpipes 202006 oa_pdf/6a/73/jmedgenet-2019-106411.PMC7279190.pdf annot_urls
https://bitbucket.org/muellerflorian/fish_quant/src/master org,bitbucket)/muellerflorian/fish_quant/src/master 202006 oa_pdf/6e/fc/aaz6699.PMC7299619.pdf annot_urls
https://bitbucket.org/alexeybrazhe/pyraman org,bitbucket)/alexeybrazhe/pyraman 202006 oa_pdf/c9/37/main.PMC7315103.pdf annot_urls
https://bitbucket.org/mavericlab/vcontact2 org,bitbucket)/mavericlab/vcontact2 202006 oa_pdf/05/0f/EMI-22-2165.PMC7318152.pdf annot_urls
https://bitbucket.org/wanglab-upenn/sparkinferno org,bitbucket)/wanglab-upenn/sparkinferno 202006 oa_pdf/3a/a6/btaa246.PMC7320617.pdf annot_urls
https://bitbucket.org/peterk87/genomefisher org,bitbucket)/peterk87/genomefisher 202006 oa_pdf/da/54/mgen-6-376.PMC7371104.pdf annot_urls
https://bitbucket.org/yanglab org,bitbucket)/yanglab 202006 oa_pdf/c5/66/syaa066.PMC7875436.pdf text_urls
https://bitbucket.org/lcbio/cabsdock org,bitbucket)/lcbio/cabsdock 202006 oa_pdf/90/35/bbaa109.PMC8138832.pdf annot_urls
https://bitbucket.org/lcbio/cabsdock/wiki/home#markdown-header-311-docking-to-gpcrs org,bitbucket)/lcbio/cabsdock/wiki/home 202006 oa_pdf/90/35/bbaa109.PMC8138832.pdf annot_urls
https://bitbucket.org/soedinglab/ccmpred org,bitbucket)/soedinglab/ccmpred 201411 oa_pdf/fa/3e/btu500.PMC4201158.pdf annot_urls
https://bitbucket.org/gertidenas/dimer/commits/tag/tads org,bitbucket)/gertidenas/dimer/commits/tag/tads 201411 oa_pdf/42/82/41586_2014_Article_BFnature13986.PMC4251741.pdf annot_urls
https://bitbucket.org/dbaurain/42 org,bitbucket)/dbaurain/42 201807 oa_pdf/68/bd/msy068.PMC5995219.pdf annot_urls
https://bitbucket.org/medgenua/pbrit org,bitbucket)/medgenua/pbrit 201807 oa_pdf/f1/d5/bty079.PMC6022555.pdf annot_urls
https://bitbucket.org/wanglab-upenn/spar_prepare org,bitbucket)/wanglab-upenn/spar_prepare 201807 oa_pdf/ee/75/gky330.PMC6030839.pdf annot_urls
https://bitbucket.org/account/user/wanglab-upenn/projects/spar org,bitbucket)/account/user/wanglab-upenn/projects/spar 201807 oa_pdf/ee/75/gky330.PMC6030839.pdf annot_urls
https://bitbucket.org/lcbio/cabsflex org,bitbucket)/lcbio/cabsflex 201807 oa_pdf/4d/cc/gky356.PMC6031000.pdf annot_urls
https://bitbucket.org/dalke/fmcs org,bitbucket)/dalke/fmcs 201807 oa_pdf/0a/1c/gky434.PMC6031047.pdf annot_urls
https://bitbucket.org/mgenet/dolfin_dic org,bitbucket)/mgenet/dolfin_dic 201807 oa_pdf/44/f0/CNM-34-na.PMC6043386.pdf annot_urls
https://bitbucket.org/finsberg/pulse_adjoint org,bitbucket)/finsberg/pulse_adjoint 201807 oa_pdf/44/f0/CNM-34-na.PMC6043386.pdf annot_urls
https://bitbucket.org/cegx-bfx/cegxqc org,bitbucket)/cegx-bfx/cegxqc 201908 oa_pdf/0b/73/aaw2880.PMC6713504.pdf annot_urls
https://bitbucket.org/medinfo_mainz org,bitbucket)/medinfo_mainz 201908 oa_pdf/a6/38/10-1055-s-0039-1695793.PMC6739205.pdf annot_urls
https://bitbucket.org/young_comput org,bitbucket)/young_comput 201908 oa_pdf/60/46/main.PMC6744395.pdf text_urls
https://bitbucket.org/projectmine/databrowser org,bitbucket)/projectmine/databrowser 201908 oa_pdf/4c/2a/nihms-1658714.PMC7893599.pdf annot_urls
https://bitbucket.org/omicskitchen/tmtsynaptosomes org,bitbucket)/omicskitchen/tmtsynaptosomes 202109 oa_pdf/3a/ed/nihms-1697078.PMC8338777.pdf annot_urls
https://bitbucket.org/cmartiga/srsf4_ko_analysis org,bitbucket)/cmartiga/srsf4_ko_analysis 202109 oa_pdf/79/dc/res-129-669.PMC8409900.pdf annot_urls
https://bitbucket.org/albornet/laminart org,bitbucket)/albornet/laminart 202109 oa_pdf/e2/36/jovi-21-10-10.PMC8444456.pdf annot_urls
https://bitbucket.org/nygcresearch/treemix org,bitbucket)/nygcresearch/treemix 202109 oa_pdf/cb/4d/bpab017.PMC8476930.pdf annot_urls
https://bitbucket.org/berkeleylab/metabat/src/master org,bitbucket)/berkeleylab/metabat/src/master 202109 oa_pdf/c7/fc/main.PMC8484513.pdf annot_urls
https://bitbucket.org/dranew/defuse org,bitbucket)/dranew/defuse 201709 oa_pdf/24/31/CAS-108-1888.PMC5581515.pdf annot_urls
https://bitbucket.org/asugden/plasmid-replicator-crp org,bitbucket)/asugden/plasmid-replicator-crp 201709 oa_pdf/54/ad/JCB_201702013.PMC5584176.pdf annot_urls
https://bitbucket.org/cosi1/supernalign org,bitbucket)/cosi1/supernalign 201709 oa_pdf/9c/a5/gkx631.PMC5766185.pdf annot_urls
https://bitbucket.org/kokonech/infusion org,bitbucket)/kokonech/infusion 201709 oa_pdf/2e/f2/btx329.PMC5870674.pdf annot_urls
https://bitbucket.org/account/user/yaarilab/projects/gphp org,bitbucket)/account/user/yaarilab/projects/gphp 202001 oa_pdf/01/21/gkz872.PMC6943044.pdf annot_urls
https://bitbucket.org/cegx-bfx/cegx_bsexpress_docker org,bitbucket)/cegx-bfx/cegx_bsexpress_docker 202001 oa_pdf/4f/f7/gkz1093.PMC6943133.pdf annot_urls
https://bitbucket.org/tanaylab/shaman org,bitbucket)/tanaylab/shaman 202001 oa_pdf/36/94/aax4001.PMC6954061.pdf annot_urls
https://bitbucket.org/rguimera/machine-scientist org,bitbucket)/rguimera/machine-scientist 202001 oa_pdf/4a/4f/aav6971.PMC6994216.pdf annot_urls
https://bitbucket.org/rguimera/machine-scientist/src/no_degeneracy/process-formulas org,bitbucket)/rguimera/machine-scientist/src/no_degeneracy/process-formulas 202001 oa_pdf/4a/4f/aav6971.PMC6994216.pdf annot_urls
https://bitbucket.org/vboza/deepnano org,bitbucket)/vboza/deepnano 202001 oa_pdf/9c/97/main.PMC7013242.pdf annot_urls
https://bitbucket.org/ibi_group/disgenet2r org,bitbucket)/ibi_group/disgenet2r 202001 oa_pdf/4c/0b/gkz1021.PMC7145631.pdf annot_urls
https://bitbucket.org/bromberglab/predictprotein org,bitbucket)/bromberglab/predictprotein 201912 oa_pdf/79/f4/gkz818.PMC6868392.pdf annot_urls
https://bitbucket.org/bromberglab/funtrp org,bitbucket)/bromberglab/funtrp 201912 oa_pdf/79/f4/gkz818.PMC6868392.pdf annot_urls
https://bitbucket.org/lt11/muloydhom org,bitbucket)/lt11/muloydhom 201912 oa_pdf/c4/89/msz177.PMC6878955.pdf annot_urls
https://bitbucket.org/asugden/rocsim/src org,bitbucket)/asugden/rocsim/src 201912 oa_pdf/e1/74/pnas.201913992.PMC6900597.pdf annot_urls
https://bitbucket.org/sclca/single_cell_lca org,bitbucket)/sclca/single_cell_lca 201912 oa_pdf/fd/f6/gkz826.PMC6902034.pdf annot_urls
https://bitbucket.org/mnm-lu/aav-library org,bitbucket)/mnm-lu/aav-library 201912 oa_pdf/0d/3c/pnas.201910061.PMC6936499.pdf annot_urls
https://bitbucket.org/account/user/genomicepidemiology/projects/db org,bitbucket)/account/user/genomicepidemiology/projects/db 201912 oa_pdf/98/d9/main.PMC6941874.pdf text_urls
https://bitbucket.org/cfce/viper org,bitbucket)/cfce/viper 201912 oa_pdf/45/18/1718.PMC6942053.pdf annot_urls
https://bitbucket.org/lcbio/ca2all org,bitbucket)/lcbio/ca2all 201912 oa_pdf/18/42/main.PMC6961067.pdf annot_urls
https://bitbucket.org/vtimmermann/biophys2019.git org,bitbucket)/vtimmermann/biophys2019.git 201912 oa_pdf/d1/0b/main.PMC6990379.pdf annot_urls
https://bitbucket.org/tanaylab/shaman org,bitbucket)/tanaylab/shaman 201912 oa_pdf/ed/e7/nihms-1547115.PMC7262670.pdf annot_urls
https://bitbucket.org/asyavuz org,bitbucket)/asyavuz 201912 oa_pdf/e2/49/CG-20-592.PMC7290059.pdf text_urls
https://bitbucket.org/corybrunson/comorbidity org,bitbucket)/corybrunson/comorbidity 201912 oa_pdf/4e/57/ooz067.PMC7309234.pdf annot_urls
https://bitbucket.org/young_computation/rose org,bitbucket)/young_computation/rose 201504 oa_pdf/36/7f/504.PMC4381522.pdf annot_urls
https://bitbucket.org/djpbarry/adapt org,bitbucket)/djpbarry/adapt 201504 oa_pdf/82/e6/JCB_201501081.PMC4395480.pdf text_urls
https://bitbucket.org/srikarchamala/markerminer org,bitbucket)/srikarchamala/markerminer 201504 oa_pdf/6e/be/apps.1400115.PMC4406834.pdf annot_urls
https://bitbucket.org/immunediversity/immunediversity org,bitbucket)/immunediversity/immunediversity 201504 oa_pdf/59/4a/kmab-07-03-1026502.PMC4622655.pdf text_urls
https://bitbucket.org/pennhlp/twitter-adr-blstm-download-tweets org,bitbucket)/pennhlp/twitter-adr-blstm-download-tweets 201904 oa_pdf/10/03/ocz013.PMC6515520.pdf annot_urls
https://bitbucket.org/biobakery/kneaddata org,bitbucket)/biobakery/kneaddata 202105 oa_pdf/a5/bc/main.PMC8118724.pdf annot_urls
https://bitbucket.org/jgarbe/gopher-pipelines/overview org,bitbucket)/jgarbe/gopher-pipelines/overview 202105 oa_pdf/df/0b/JCB_202101057.PMC8138781.pdf annot_urls
https://bitbucket.org/liulab/mageck/src/master org,bitbucket)/liulab/mageck/src/master 202105 oa_pdf/64/67/nihms-1700549.PMC8161465.pdf annot_urls
https://bitbucket.org/amderoos/structuredfoodweb org,bitbucket)/amderoos/structuredfoodweb 202105 oa_pdf/0c/1f/pnas.202023709.PMC8166188.pdf annot_urls
https://bitbucket.org/biobakery/kneaddata org,bitbucket)/biobakery/kneaddata 202105 oa_pdf/4e/73/main.PMC8191414.pdf annot_urls
https://bitbucket.org/bio2byte/seqrrm org,bitbucket)/bio2byte/seqrrm 202105 oa_pdf/59/fe/gkab425.PMC8262692.pdf annot_urls
https://bitbucket.org/bio2byte/bio2byte_server_public org,bitbucket)/bio2byte/bio2byte_server_public 202105 oa_pdf/59/fe/gkab425.PMC8262692.pdf annot_urls
https://bitbucket.org/mugqic/mugqic_pipelines#markdown-header-dna-seq-pipeline org,bitbucket)/mugqic/mugqic_pipelines 202105 oa_pdf/d3/ab/ACN3-8-1376.PMC8283173.pdf annot_urls
https://bitbucket.org/sonnhammergrni/idemax org,bitbucket)/sonnhammergrni/idemax 202105 oa_pdf/93/bc/btab367.PMC8545292.pdf annot_urls
https://bitbucket.org/blackrim/clustering org,bitbucket)/blackrim/clustering 202105 oa_pdf/44/e3/syab032.PMC8677558.pdf annot_urls
https://bitbucket.org/dfmoralesb/target_enrichment_ org,bitbucket)/dfmoralesb/target_enrichment_ 202105 oa_pdf/44/e3/syab032.PMC8677558.pdf text_urls
https://bitbucket.org/oaxiom/glbase/wiki/home org,bitbucket)/oaxiom/glbase/wiki/home 201302 oa_pdf/9f/7e/gks1300.PMC3575808.pdf annot_urls
https://bitbucket.org/xianfan/hybridassemblysv/overview org,bitbucket)/xianfan/hybridassemblysv/overview 201705 oa_pdf/c4/ab/793.PMC5411774.pdf annot_urls
https://bitbucket.org/jbaaijens/savage-benchmarks org,bitbucket)/jbaaijens/savage-benchmarks 201705 oa_pdf/57/bd/835.PMC5411778.pdf annot_urls
https://bitbucket.org/jbaaijens/savage org,bitbucket)/jbaaijens/savage 201705 oa_pdf/57/bd/835.PMC5411778.pdf annot_urls
https://bitbucket.org/young_computation/rose org,bitbucket)/young_computation/rose 201705 oa_pdf/01/eb/nihms872483.PMC5508517.pdf annot_urls
https://bitbucket.org/young_computation/crcmapper org,bitbucket)/young_computation/crcmapper 201705 oa_pdf/01/eb/nihms872483.PMC5508517.pdf annot_urls
https://bitbucket.org/young_computation/rose org,bitbucket)/young_computation/rose 201601 oa_pdf/c5/7e/gkv1002.PMC4702767.pdf annot_urls
https://bitbucket.org/cibiocm/metaml/srcandinsidethecuratedmetagenomicdatapackage org,bitbucket)/cibiocm/metaml/srcandinsidethecuratedmetagenomicdatapackage 201712 oa_pdf/03/fe/ismej2017139a.PMC5702742.pdf annot_urls
https://bitbucket.org/dokhlab/ifoldnmr-1.0/src org,bitbucket)/dokhlab/ifoldnmr-1.0/src 201712 oa_pdf/e4/e0/gkx1058.PMC5728392.pdf annot_urls
https://bitbucket.org/youngcomputation/rose org,bitbucket)/youngcomputation/rose 201712 oa_pdf/53/3e/2343.PMC5795782.pdf annot_urls
https://bitbucket.org/biobakery/kneaddata org,bitbucket)/biobakery/kneaddata 201712 oa_pdf/9b/21/main.PMC5904031.pdf annot_urls
https://bitbucket.org/wanglab-upenn/filer org,bitbucket)/wanglab-upenn/filer 202201 oa_pdf/89/9d/lqab123.PMC8759563.pdf annot_urls
https://bitbucket.org/mcgranahanlab/lohhla/src/master org,bitbucket)/mcgranahanlab/lohhla/src/master 202201 oa_pdf/f4/1a/main.PMC8800070.pdf annot_urls
https://bitbucket.org/genomicepidemiology/cge-tools-docker/src/master org,bitbucket)/genomicepidemiology/cge-tools-docker/src/master 202201 oa_pdf/63/5c/main.PMC8803956.pdf annot_urls
https://bitbucket.org/nygcresearch/treemix/wiki/home org,bitbucket)/nygcresearch/treemix/wiki/home 202201 oa_pdf/51/11/main.PMC8819016.pdf annot_urls
https://bitbucket.org/diamandislabii/faust-feature-vectors-2019 org,bitbucket)/diamandislabii/faust-feature-vectors-2019 202201 oa_pdf/28/2f/vdac001.PMC8826810.pdf annot_urls
https://bitbucket.org/diamandislabii/faust-alignment-2021 org,bitbucket)/diamandislabii/faust-alignment-2021 202201 oa_pdf/28/2f/vdac001.PMC8826810.pdf annot_urls
https://bitbucket.org/plibradosanz/structf4 org,bitbucket)/plibradosanz/structf4 202201 oa_pdf/23/16/btac046.PMC8963280.pdf annot_urls
https://bitbucket.org/nygcresearch/ldetect-data/src/master org,bitbucket)/nygcresearch/ldetect-data/src/master 202201 oa_pdf/1e/9e/btac024.PMC8963326.pdf annot_urls
https://bitbucket.org/pchanda/hapzipper/downloads/hapzipper.tar.bz2 org,bitbucket)/pchanda/hapzipper/downloads/hapzipper.tar.bz2 201211 oa_pdf/49/44/gks709.PMC3488212.pdf annot_urls
https://bitbucket.org/pflotran org,bitbucket)/pflotran 201401 oa_pdf/1d/0c/wrcr0050-0208.PMC4257577.pdf annot_urls
https://bitbucket.org/ttliu07/fc_fingerprint_nn/src/master org,bitbucket)/ttliu07/fc_fingerprint_nn/src/master 202104 oa_pdf/f9/c8/pnas.202021852.PMC8053937.pdf annot_urls
https://bitbucket.org/biobakery/metaphlan2 org,bitbucket)/biobakery/metaphlan2 202104 oa_pdf/b7/07/main.PMC8080254.pdf annot_urls
https://bitbucket.org/biobakery/kneaddata/wiki/home org,bitbucket)/biobakery/kneaddata/wiki/home 202104 oa_pdf/dd/16/main.PMC8085786.pdf annot_urls
https://bitbucket.org/young_computation/rose org,bitbucket)/young_computation/rose 202104 oa_pdf/1c/f2/abd4676.PMC8087410.pdf annot_urls
https://bitbucket.org/genomicepidemiology/mintyper.git org,bitbucket)/genomicepidemiology/mintyper.git 202104 oa_pdf/ac/c3/bpab008.PMC8106442.pdf annot_urls
https://bitbucket.org/scottyler892/manaclust/src/master org,bitbucket)/scottyler892/manaclust/src/master 202104 oa_pdf/94/9f/nihms-1693698.PMC8195153.pdf annot_urls
https://bitbucket.org/repepo/kore/src/master org,bitbucket)/repepo/kore/src/master 202104 oa_pdf/f9/b2/JGRB-126-e2020JB021042.PMC8244021.pdf annot_urls
https://bitbucket.org/mirnylab/hiclib org,bitbucket)/mirnylab/hiclib 202104 oa_pdf/72/e0/gkab249.PMC8501969.pdf annot_urls
https://bitbucket.org/fiitstubioinfo/swspm/src org,bitbucket)/fiitstubioinfo/swspm/src 201905 oa_pdf/09/10/10.1177_1176934319849071.PMC6545658.pdf annot_urls
https://bitbucket.org/berkeleylab/feba org,bitbucket)/berkeleylab/feba 201505 oa_pdf/d1/5d/mBio.00306-15.PMC4436071.pdf annot_urls
https://bitbucket.org/cellsandmachines org,bitbucket)/cellsandmachines 201801 oa_pdf/f6/c7/thnov08p0277.PMC5743474.pdf text_urls
https://bitbucket.org/cbgr/jaspar org,bitbucket)/cbgr/jaspar 201801 oa_pdf/62/ac/gkx1126.PMC5753243.pdf annot_urls
https://bitbucket.org/oesperlab/ht-altfrac org,bitbucket)/oesperlab/ht-altfrac 201801 oa_pdf/81/96/btx745.PMC5860217.pdf annot_urls
https://bitbucket.org/metrumrg/alzheimers-disease-progression-model-adascog/overview org,bitbucket)/metrumrg/alzheimers-disease-progression-model-adascog/overview 201801 oa_pdf/fb/b9/main.PMC6021263.pdf annot_urls
https://bitbucket.org/mroachawri/purge_haplotigs org,bitbucket)/mroachawri/purge_haplotigs 202112 oa_pdf/db/16/PBI-19-2544.PMC8633516.pdf annot_urls
https://bitbucket.org/ssamanipour/safd.jl/src/master org,bitbucket)/ssamanipour/safd.jl/src/master 202112 oa_pdf/1f/af/ac1c03755.PMC8674881.pdf annot_urls
https://bitbucket.org/ssamanipour/ms_import.jl/src/master org,bitbucket)/ssamanipour/ms_import.jl/src/master 202112 oa_pdf/1f/af/ac1c03755.PMC8674881.pdf annot_urls
https://bitbucket.org/ssamanipour/cent2profile.jl/src/master org,bitbucket)/ssamanipour/cent2profile.jl/src/master 202112 oa_pdf/1f/af/ac1c03755.PMC8674881.pdf annot_urls
https://bitbucket.org/lynnlab/anti_cd40 org,bitbucket)/lynnlab/anti_cd40 202112 oa_pdf/18/b5/main.PMC8714857.pdf annot_urls
https://bitbucket.org/biobakery/humann2/wiki/home org,bitbucket)/biobakery/humann2/wiki/home 202112 oa_pdf/dd/fb/nihms-1764643.PMC8722030.pdf annot_urls
https://bitbucket.org/biobakery/metaphlan2 org,bitbucket)/biobakery/metaphlan2 202112 oa_pdf/dd/fb/nihms-1764643.PMC8722030.pdf annot_urls
https://bitbucket.org/biobakery/kneaddata/wiki/home org,bitbucket)/biobakery/kneaddata/wiki/home 202112 oa_pdf/dd/fb/nihms-1764643.PMC8722030.pdf annot_urls
https://bitbucket.org/qzhudfci/smfishhmrf-py/src/master org,bitbucket)/qzhudfci/smfishhmrf-py/src/master 202112 oa_pdf/7d/16/main.PMC8728308.pdf annot_urls
https://bitbucket.org/genomicepidemiology/virulencefinder_db/src/master/virulence_ecoli.fsa org,bitbucket)/genomicepidemiology/virulencefinder_db/src/master/virulence_ecoli.fsa 202112 oa_pdf/03/70/jmm-70-1471.PMC8744276.pdf annot_urls
https://bitbucket.org/james_taylor/bx-python/wiki/bnmapper org,bitbucket)/james_taylor/bx-python/wiki/bnmapper 201708 oa_pdf/4e/ac/gkx416.PMC5737389.pdf annot_urls
https://bitbucket.org/chicagoteam/chicago/src/master org,bitbucket)/chicagoteam/chicago/src/master 202108 oa_pdf/1f/c7/1175.PMC8336890.pdf annot_urls
https://bitbucket.org/mvdschaar/mlforhealthlabpub/src/68e4f7d13e4368eba655132a73ff9f278da5d3af/alg/autoprognosis org,bitbucket)/mvdschaar/mlforhealthlabpub/src/68e4f7d13e4368eba655132a73ff9f278da5d3af/alg/autoprognosis 202108 oa_pdf/a0/bd/main.PMC8349766.pdf annot_urls
https://bitbucket.org/qzhudfci/cutruntools/src/master org,bitbucket)/qzhudfci/cutruntools/src/master 202108 oa_pdf/b0/ee/main.PMC8379522.pdf annot_urls
https://bitbucket.org/magobitbucket/spa-rq-tools/downloads org,bitbucket)/magobitbucket/spa-rq-tools/downloads 202108 oa_pdf/50/1c/main.PMC8385325.pdf annot_urls
https://bitbucket.org/bucab/sde2 org,bitbucket)/bucab/sde2 202108 oa_pdf/af/81/gkab647.PMC8450105.pdf annot_urls
https://bitbucket.org/bucab/sde2/src/master/analysis/24_eclip org,bitbucket)/bucab/sde2/src/master/analysis/24_eclip 202108 oa_pdf/af/81/gkab647.PMC8450105.pdf annot_urls
https://bitbucket.org/claughton/cecam-setup/wiki/memprotmd%20pipeline org,bitbucket)/claughton/cecam-setup/wiki/memprotmd%20pipeline 202108 oa_pdf/c2/60/nihms-1735644.PMC8500334.pdf annot_urls
https://bitbucket.org/biobakery/kneaddata org,bitbucket)/biobakery/kneaddata 202108 oa_pdf/2f/65/main.PMC8599170.pdf annot_urls
https://bitbucket.org/dranew/defuse).15 org,bitbucket)/dranew/defuse).15 201909 oa_pdf/7f/52/CAS-110-2973.PMC6726683.pdf annot_urls
https://bitbucket.org/jgarbe/gopher-pipelines/overview org,bitbucket)/jgarbe/gopher-pipelines/overview 201909 oa_pdf/7a/35/aaw7781.PMC6739093.pdf annot_urls
https://bitbucket.org/nygcresearch/ldetect-data org,bitbucket)/nygcresearch/ldetect-data 201909 oa_pdf/66/73/jmedgenet-2018-105965.PMC6817708.pdf annot_urls
https://bitbucket.org/pennhlp/kusuri org,bitbucket)/pennhlp/kusuri 201909 oa_pdf/28/fd/ocz156.PMC6857507.pdf annot_urls
https://bitbucket.org/rahuldeo/ecgai org,bitbucket)/rahuldeo/ecgai 201909 oa_pdf/cc/87/hcq-12-e005289.PMC6951431.pdf text_urls
https://bitbucket.org/huppertt/nirstoolbox/wiki/home org,bitbucket)/huppertt/nirstoolbox/wiki/home 201909 oa_pdf/05/b4/main.PMC6974895.pdf annot_urls
https://bitbucket.org/selene_fernandez/amphimedon-lncrnas org,bitbucket)/selene_fernandez/amphimedon-lncrnas 201509 oa_pdf/17/55/msv117.PMC4540969.pdf annot_urls
https://bitbucket.org/selene_fernandez/amphime-don-lncrnas org,bitbucket)/selene_fernandez/amphime-don-lncrnas 201509 oa_pdf/17/55/msv117.PMC4540969.pdf text_urls
