https://github.com/%20parkgroup-tamu/3d_reconstruction com,github)/%20parkgroup-tamu/3d_reconstruction 202105 18104/KIM-DISSERTATION-2021.pdf tamu GitHub
https://github.com/01org/processor-trace com,github)/01org/processor-trace 201912 21981/HUANG-DISSERTATION-2019.pdf tamu GitHub
https://github.com/aappleby/smhasher/tree/master/src com,github)/aappleby/smhasher/tree/master/src 202008 1102/FANG-DISSERTATION-2020.pdf tamu GitHub
https://github.com/aban6?tab=projects com,github)/aban6?tab=projects 202108 21800/SHAHSAVARI-DISSERTATION-2021.pdf tamu GitHub
https://github.com/abetten/orbiter com,github)/abetten/orbiter 202005 3099/ZHANG-DISSERTATION-2020.pdf tamu GitHub
https://github.com/abhiskk/fast-neural-style com,github)/abhiskk/fast-neural-style 201212 20605/CHADHA-THESIS-2019.pdf tamu GitHub
https://github.com/abhiskk/fast-neural-style com,github)/abhiskk/fast-neural-style 201905 20605/CHADHA-THESIS-2019.pdf tamu GitHub
https://github.com/abkds/chexpert com,github)/abkds/chexpert 202008 3608/DAS-THESIS-2020.pdf tamu GitHub
https://github.com/ablab/spades com,github)/ablab/spades 202005 18783/MCWILLIAMS-THESIS-2020.pdf tamu GitHub
https://github.com/adafruit com,github)/adafruit 201605 9573/PANDA-THESIS-2016.pdf tamu GitHub
https://github.com/adafruit/adafruit_drv2605_library com,github)/adafruit/adafruit_drv2605_library 201712 4444/YADAV-THESIS-2017.pdf tamu GitHub
https://github.com/adafruit/adafruit_gps com,github)/adafruit/adafruit_gps 201712 4444/YADAV-THESIS-2017.pdf tamu GitHub
https://github.com/adallak/scpackage com,github)/adallak/scpackage 202105 4851/DALLAKYAN-DISSERTATION-2021.pdf tamu GitHub
https://github.com/adaptiman/tactiletts com,github)/adaptiman/tactiletts 201808 2143/SWEENEY-DISSERTATION-2018.pdf tamu GitHub
https://github.com/addyosmani com,github)/addyosmani 201505 15074/SINGH-THESIS-2015.pdf tamu GitHub
https://github.com/adsweet/cophylogenetic_analyses com,github)/adsweet/cophylogenetic_analyses 201708 1262/CATANACH-DISSERTATION-2017.pdf tamu GitHub
https://github.com/aesouris/softtmvn com,github)/aesouris/softtmvn 202008 4028/LARSEN-DISSERTATION-2020.pdf tamu GitHub
https://github.com/aether-lab/prana com,github)/aether-lab/prana 201812 4093/GOTH-DISSERTATION-2018.pdf tamu GitHub
https://github.com/aflapan com,github)/aflapan 202008 4167/lapanowski19a.pdf tamu GitHub
https://github.com/aflapan com,github)/aflapan 202008 4167/lapanowski19a_1.pdf tamu GitHub
https://github.com/aim-uofa/adelaidet com,github)/aim-uofa/adelaidet 202105 5065/SRIDHAR-THESIS-2021.pdf tamu GitHub
https://github.com/akashbaskaran/joystickcarcontrol com,github)/akashbaskaran/joystickcarcontrol 201912 5083/BASKARAN-THESIS-2019.pdf tamu GitHub
https://github.com/akashbaskaran/kvaser_interface com,github)/akashbaskaran/kvaser_interface 201912 5083/BASKARAN-THESIS-2019.pdf tamu GitHub
https://github.com/akashbaskaran/learning_joy/blob/master/src/new.cpp com,github)/akashbaskaran/learning_joy/blob/master/src/new.cpp 201912 5083/BASKARAN-THESIS-2019.pdf tamu GitHub
https://github.com/akashbaskaran/rosbag_to_img com,github)/akashbaskaran/rosbag_to_img 201912 5083/BASKARAN-THESIS-2019.pdf tamu GitHub
https://github.com/akashbaskaran/sync_example com,github)/akashbaskaran/sync_example 201912 5083/BASKARAN-THESIS-2019.pdf tamu GitHub
https://github.com/albacore/albacore com,github)/albacore/albacore 202005 18783/MCWILLIAMS-THESIS-2020.pdf tamu GitHub
https://github.com/alexander-berman/thingipano com,github)/alexander-berman/thingipano 202012 18353/BERMAN-DISSERTATION-2020.pdf tamu GitHub
https://github.com/alexasher/casecontrolge com,github)/alexasher/casecontrolge 201808 20317/ASHER-DISSERTATION-2018.pdf tamu GitHub
https://github.com/alexdobin/star com,github)/alexdobin/star 202112 5061/FOLCIK-DISSERTATION-2021.pdf tamu GitHub
https://github.com/alexeyab/yolo_mark com,github)/alexeyab/yolo_mark 201912 1141/NAYAK-THESIS-2019.pdf tamu GitHub
https://github.com/aloy/qqplotr com,github)/aloy/qqplotr 202008 2706/BENTLEY-DISSERTATION-2020.pdf tamu GitHub
https://github.com/aloy/qqplotr com,github)/aloy/qqplotr 202008 939/BENTLEY-DISSERTATION-2020.pdf tamu GitHub
https://github.com/alphacep/vosk-android-demo com,github)/alphacep/vosk-android-demo 202012 18434/HAIR-DISSERTATION-2020.pdf tamu GitHub
https://github.com/amgraham07/hif_eukaryote com,github)/amgraham07/hif_eukaryote 202005 2627/HILLIARD-DISSERTATION-2020.pdf tamu GitHub
https://github.com/amirx96/stationary-lidar-object-tracking com,github)/amirx96/stationary-lidar-object-tracking 202112 3372/DARWESH-THESIS-2021.pdf tamu GitHub
https://github.com/anaibol/awesome-serverless com,github)/anaibol/awesome-serverless 202008 640/FENG-DISSERTATION-2020.pdf tamu GitHub
https://github.com/andersondrew/erefinder com,github)/andersondrew/erefinder 201908 18699/ANDERSON-DISSERTATION-2019.pdf tamu GitHub
https://github.com/andersst91/uas_height_pipeline com,github)/andersst91/uas_height_pipeline 201112 5896/ANDERSONII-DISSERTATION-2019.pdf tamu GitHub
https://github.com/andersst91/uas_height_pipeline com,github)/andersst91/uas_height_pipeline 201908 5896/ANDERSONII-DISSERTATION-2019.pdf tamu GitHub
https://github.com/andersst91/uastools com,github)/andersst91/uastools 201112 5896/ANDERSONII-DISSERTATION-2019.pdf tamu GitHub
https://github.com/andersst91/uastools com,github)/andersst91/uastools 201908 5896/ANDERSONII-DISSERTATION-2019.pdf tamu GitHub
https://github.com/andfranklin/phoenix com,github)/andfranklin/phoenix 202008 3651/FRANKLIN-THESIS-2020.pdf tamu GitHub
https://github.com/andfranklin/thermal_radiation com,github)/andfranklin/thermal_radiation 202008 3651/FRANKLIN-THESIS-2020.pdf tamu GitHub
https://github.com/andfranklin/thermal_radiation/blob/thesis/quadquad.py com,github)/andfranklin/thermal_radiation/blob/thesis/quadquad.py 202008 3651/FRANKLIN-THESIS-2020.pdf tamu GitHub
https://github.com/andfranklin/thermal_radiation/blob/thesis/thermal_radiation/geometry.py com,github)/andfranklin/thermal_radiation/blob/thesis/thermal_radiation/geometry.py 202008 3651/FRANKLIN-THESIS-2020.pdf tamu GitHub
https://github.com/andfranklin/thermal_radiation/blob/thesis/thermal_radiation/quadrature_2d.py com,github)/andfranklin/thermal_radiation/blob/thesis/thermal_radiation/quadrature_2d.py 202008 3651/FRANKLIN-THESIS-2020.pdf tamu GitHub
https://github.com/andfranklin/thermal_radiation/blob/thesis/tritri.py com,github)/andfranklin/thermal_radiation/blob/thesis/tritri.py 202008 3651/FRANKLIN-THESIS-2020.pdf tamu GitHub
https://github.com/andfranklin/thermal_radiation/tree/master/docs com,github)/andfranklin/thermal_radiation/tree/master/docs 202008 3651/FRANKLIN-THESIS-2020.pdf tamu GitHub
https://github.com/andfranklin/thermal_radiation/tree/thesis com,github)/andfranklin/thermal_radiation/tree/thesis 202008 3651/FRANKLIN-THESIS-2020.pdf tamu GitHub
https://github.com/andi-bigswitch/oflops/tree/master/cbench com,github)/andi-bigswitch/oflops/tree/master/cbench 201808 2403/WANG-DISSERTATION-2018.pdf tamu GitHub
https://github.com/antik015 com,github)/antik015 201808 2545/CHAKRABORTY-DISSERTATION-2018.pdf tamu GitHub
https://github.com/antonblanchard/crc32-vpmsum com,github)/antonblanchard/crc32-vpmsum 201908 20673/SAHU-THESIS-2019.pdf tamu GitHub
https://github.com/apache/incubator-mxnet com,github)/apache/incubator-mxnet 201912 5151/GURUSHANTHAPPA-THESIS-2019.pdf tamu GitHub
https://github.com/apotocnik/redpitaya_guide com,github)/apotocnik/redpitaya_guide 202112 4862/USMANI-THESIS-2021.pdf tamu GitHub
https://github.com/araffin/rl-baselines-zoo com,github)/araffin/rl-baselines-zoo 202012 18345/KALKUR-THESIS-2020.pdf tamu GitHub
https://github.com/aravindr93/hand_dapg com,github)/aravindr93/hand_dapg 202005 2610/GUIMARAESGOECKS-DISSERTATION-2020.pdf tamu GitHub
https://github.com/arduino/arduino com,github)/arduino/arduino 202108 21869/FIDAI-DISSERTATION-2021.pdf tamu GitHub
https://github.com/arq5x/bedtools2.git com,github)/arq5x/bedtools2.git 201708 4393/BENJAMIN-DISSERTATION-2017.pdf tamu GitHub
https://github.com/artificialshane/openpose/blob/master/doc/output.md com,github)/artificialshane/openpose/blob/master/doc/output.md 202112 3087/LU-THESIS-2021.pdf tamu GitHub
https://github.com/asutton/origin com,github)/asutton/origin 201612 14196/LIAO-DISSERTATION-2016.pdf tamu GitHub
https://github.com/atahk/pscl com,github)/atahk/pscl 202005 2627/HILLIARD-DISSERTATION-2020.pdf tamu GitHub
https://github.com/atsushisakai/hybridastartrailer com,github)/atsushisakai/hybridastartrailer 202005 3067/WOODS-THESIS-2020.pdf tamu GitHub
https://github.com/attom/openmc.git com,github)/attom/openmc.git 201512 6542/TILL-DISSERTATION-2015.pdf tamu GitHub
https://github.com/aws/aws-fpga/tree/master/sdk com,github)/aws/aws-fpga/tree/master/sdk 201808 2287/NARAWANE-THESIS-2018.pdf tamu GitHub
https://github.com/axboe/fio/blob/master/readme com,github)/axboe/fio/blob/master/readme 201612 2794/MORRISON-THESIS-2016.pdf tamu GitHub
https://github.com/ayooshkathuria/pytorch-yolo-v3 com,github)/ayooshkathuria/pytorch-yolo-v3 202008 1599/YUAN-DISSERTATION-2020.pdf tamu GitHub
https://github.com/bagrow/linkcomm com,github)/bagrow/linkcomm 201508 17639/WANG-DISSERTATION-2015.pdf tamu GitHub
https://github.com/baidu-research/tensorflow-allreduce com,github)/baidu-research/tensorflow-allreduce 202008 1282/HUANG-DISSERTATION-2020.pdf tamu GitHub
https://github.com/baliga-lab/cmonkey2 com,github)/baliga-lab/cmonkey2 202112 18077/NIU-THESIS-2021.pdf tamu GitHub
https://github.com/baruch/crcbench com,github)/baruch/crcbench 201908 20673/SAHU-THESIS-2019.pdf tamu GitHub
https://github.com/bastibe/violinplot-matlab com,github)/bastibe/violinplot-matlab 202108 21908/WILLIFORD-DISSERTATION-2021.pdf tamu GitHub
https://github.com/bbanbury/phrynomics com,github)/bbanbury/phrynomics 202108 3319/SHULTS-DISSERTATION-2021.pdf tamu GitHub
https://github.com/ben-lerch/basemod-3.0 com,github)/ben-lerch/basemod-3.0 202108 21847/ALEXANDER-DISSERTATION-2021.pdf tamu GitHub
https://github.com/binarybana/obc.jl com,github)/binarybana/obc.jl 201505 16308/KNIGHT-DISSERTATION-2015.pdf tamu GitHub
https://github.com/biocoder/perl-for-bioinformatics/releases com,github)/biocoder/perl-for-bioinformatics/releases 201605 570/TRIFF-DISSERTATION-2016.pdf tamu GitHub
https://github.com/bioperl/bioperl-live/blob/master/examples/longorf.pl com,github)/bioperl/bioperl-live/blob/master/examples/longorf.pl 201612 18157/RYAN-DISSERTATION-2016.pdf tamu GitHub
https://github.com/bli-tamu/ldrt com,github)/bli-tamu/ldrt 202105 17261/LI-DISSERTATION-2021.pdf tamu GitHub
https://github.com/blthayer/drl-powerworld com,github)/blthayer/drl-powerworld 202005 3006/THAYER-THESIS-2020.pdf tamu GitHub
https://github.com/blthayer/gym-powerworld com,github)/blthayer/gym-powerworld 202005 3006/THAYER-THESIS-2020.pdf tamu GitHub
https://github.com/blucia0a/multicachesim com,github)/blucia0a/multicachesim 202008 1282/HUANG-DISSERTATION-2020.pdf tamu GitHub
https://github.com/boada com,github)/boada 201608 19139/BOADA-DISSERTATION-2016.pdf tamu GitHub
https://github.com/boyiliee/aod-net com,github)/boyiliee/aod-net 202008 1599/YUAN-DISSERTATION-2020.pdf tamu GitHub
https://github.com/bpopt/optimo com,github)/bpopt/optimo 201508 13367/RAHMANIASL-DISSERTATION-2015.pdf tamu GitHub
https://github.com/brianstock/mixsiar com,github)/brianstock/mixsiar 201708 1248/TORRES-POCHE-DISSERTATION-2017.pdf tamu GitHub
https://github.com/brianstock/mixsiar com,github)/brianstock/mixsiar 201712 3248/DANCE-THESIS-2017.pdf tamu GitHub
https://github.com/broadinstitute/picard/releases/tag/1.128 com,github)/broadinstitute/picard/releases/tag/1.128 201508 21269/DOBSON-DISSERTATION-2015.pdf tamu GitHub
https://github.com/broadinstitute/picard/releases/tag/1.128 com,github)/broadinstitute/picard/releases/tag/1.128 201912 5136/FORGACS-DISSERTATION-2019.pdf tamu GitHub
https://github.com/bvlc/caffe com,github)/bvlc/caffe 201912 5151/GURUSHANTHAPPA-THESIS-2019.pdf tamu GitHub
https://github.com/carlini/nn_robust_attacks com,github)/carlini/nn_robust_attacks 202105 18305/VARDHAN-THESIS-2021.pdf tamu GitHub
https://github.com/carlosbkm/car-destination-prediction com,github)/carlosbkm/car-destination-prediction 202012 18463/FAN-DISSERTATION-2020.pdf tamu GitHub
https://github.com/casolalab/beetle_convergence_gene_families com,github)/casolalab/beetle_convergence_gene_families 202112 3584/LANDA-THESIS-2021.pdf tamu GitHub
https://github.com/catchorg/catch2 com,github)/catchorg/catch2 201908 791/KOLODZIEJ-DISSERTATION-2019.pdf tamu GitHub
https://github.com/cdqa-suite/cdqa com,github)/cdqa-suite/cdqa 202012 18353/BERMAN-DISSERTATION-2020.pdf tamu GitHub
https://github.com/champsim/champsim com,github)/champsim/champsim 202008 21336/JACOB-THESIS-2020.pdf tamu GitHub
https://github.com/champsim/champsim com,github)/champsim/champsim 202012 18817/WEN-DISSERTATION-2020.pdf tamu GitHub
https://github.com/champsim/champsim com,github)/champsim/champsim 202105 16232/ALBARAKAT-DISSERTATION-2021.pdf tamu GitHub
https://github.com/chef/chef-web-docs com,github)/chef/chef-web-docs 201708 1369/RATH-THESIS-2017.pdf tamu GitHub
https://github.com/cheind/py-motmetrics com,github)/cheind/py-motmetrics 202112 4092/VEGAMOOR-DISSERTATION-2021.pdf tamu GitHub
https://github.com/christiaan com,github)/christiaan 201505 15074/SINGH-THESIS-2015.pdf tamu GitHub
https://github.com/chungchi com,github)/chungchi 201808 459/TSAI-DISSERTATION-2018.pdf tamu GitHub
https://github.com/ciber-lab/pictor-ppe com,github)/ciber-lab/pictor-ppe 202108 21662/NATH-DISSERTATION-2021.pdf tamu GitHub
https://github.com/cjkunselman18/class-assignment-in-ambiguous-microstructures com,github)/cjkunselman18/class-assignment-in-ambiguous-microstructures 201805 2423/KUNSELMAN-THESIS-2020.pdf tamu GitHub
https://github.com/cjkunselman18/class-assignment-in-ambiguous-microstructures com,github)/cjkunselman18/class-assignment-in-ambiguous-microstructures 202005 2423/KUNSELMAN-THESIS-2020.pdf tamu GitHub
https://github.com/clouren com,github)/clouren 202008 1526/LOURENCO-DISSERTATION-2020.pdf tamu GitHub
https://github.com/clouren/ip_chol com,github)/clouren/ip_chol 202008 1526/LOURENCO-DISSERTATION-2020.pdf tamu GitHub
https://github.com/clouren/slip_lu com,github)/clouren/slip_lu 202008 1526/LOURENCO-DISSERTATION-2020.pdf tamu GitHub
https://github.com/clouren/wamf com,github)/clouren/wamf 202008 1526/LOURENCO-DISSERTATION-2020.pdf tamu GitHub
https://github.com/clquezada/trophicpositio com,github)/clquezada/trophicpositio 201712 19282/ARANTES-DISSERTATION-2017.pdf tamu GitHub
https://github.com/cmusphinx/pocketsphinx com,github)/cmusphinx/pocketsphinx 202012 18434/HAIR-DISSERTATION-2020.pdf tamu GitHub
https://github.com/coin-or/cylp com,github)/coin-or/cylp 202012 19564/WANG-DISSERTATION-2020.pdf tamu GitHub
https://github.com/computationalcatalystdesign/aaron com,github)/computationalcatalystdesign/aaron 201808 2123/GUAN-DISSERTATION-2018.pdf tamu GitHub
https://github.com/containers/virtcontainers com,github)/containers/virtcontainers 202008 848/KANMANTHAREDDY-THESIS-2020.pdf tamu GitHub
https://github.com/cpqd com,github)/cpqd 201308 5855/WANG-THESIS-2014.pdf tamu GitHub
https://github.com/cpqd com,github)/cpqd 201405 5855/WANG-THESIS-2014.pdf tamu GitHub
https://github.com/cpqd com,github)/cpqd 201408 20178/BOSE-THESIS-2014.pdf tamu GitHub
https://github.com/cpqd com,github)/cpqd 201505 17746/RUIA-THESIS-2015.pdf tamu GitHub
https://github.com/csunetsec/bgpmon com,github)/csunetsec/bgpmon 201905 20633/ALTAWEEL-DISSERTATION-2019.pdf tamu GitHub
https://github.com/cszn/dncnn com,github)/cszn/dncnn 201608 19652/WANG-THESIS-2020.pdf tamu GitHub
https://github.com/cszn/dncnn com,github)/cszn/dncnn 202012 19652/WANG-THESIS-2020.pdf tamu GitHub
https://github.com/daisukemiyamoto/swc2vtk com,github)/daisukemiyamoto/swc2vtk 201912 1140/NOWAK-DISSERTATION-2019.pdf tamu GitHub
https://github.com/dalymople/ubxtranslator com,github)/dalymople/ubxtranslator 202012 18489/HARTZER-THESIS-2020.pdf tamu GitHub
https://github.com/dangertrip/libis com,github)/dangertrip/libis 202108 21855/YIN-DISSERTATION-2021.pdf tamu GitHub
https://github.com/darkenergysurvey/ugali com,github)/darkenergysurvey/ugali 202108 21880/FERGUSON-DISSERTATION-2021.pdf tamu GitHub
https://github.com/datamllab/pyodds/blob/master/pyodds com,github)/datamllab/pyodds/blob/master/pyodds 201808 21828/KUMAR-THESIS-2021.pdf tamu GitHub
https://github.com/datamllab/pyodds/blob/master/pyodds com,github)/datamllab/pyodds/blob/master/pyodds 202108 21828/KUMAR-THESIS-2021.pdf tamu GitHub
https://github.com/datquocnguyen/stranse com,github)/datquocnguyen/stranse 202108 21555/LIU-THESIS-2021.pdf tamu GitHub
https://github.com/dawhite/mctk/releases com,github)/dawhite/mctk/releases 201712 1634/THAPA-THESIS-2017.pdf tamu GitHub
https://github.com/dawhite/vctk/releases com,github)/dawhite/vctk/releases 201712 1634/THAPA-THESIS-2017.pdf tamu GitHub
https://github.com/detectionteamucas/fpn_tensorflow com,github)/detectionteamucas/fpn_tensorflow 202008 1599/YUAN-DISSERTATION-2020.pdf tamu GitHub
https://github.com/digitalbond/redpoint com,github)/digitalbond/redpoint 201708 1257/WEBB-DISSERTATION-2017.pdf tamu GitHub
https://github.com/divelab/dilated com,github)/divelab/dilated 202012 2046/WANG-DISSERTATION-2020.pdf tamu GitHub
https://github.com/divelab/gunet com,github)/divelab/gunet 202008 3675/GAO-DISSERTATION-2020.pdf tamu GitHub
https://github.com/divelab/hconv-gpool-net com,github)/divelab/hconv-gpool-net 202008 3675/GAO-DISSERTATION-2020.pdf tamu GitHub
https://github.com/divelab/lgcn com,github)/divelab/lgcn 202008 3675/GAO-DISSERTATION-2020.pdf tamu GitHub
https://github.com/divelab/non-local-u-nets com,github)/divelab/non-local-u-nets 202012 2046/WANG-DISSERTATION-2020.pdf tamu GitHub
https://github.com/divelab/sopool com,github)/divelab/sopool 202012 2046/WANG-DISSERTATION-2020.pdf tamu GitHub
https://github.com/dnanexus/dot com,github)/dnanexus/dot 202108 21900/BREDEMEYER-DISSERTATION-2021.pdf tamu GitHub
https://github.com/docker/docker com,github)/docker/docker 202008 1578/BHAT-THESIS-2020.pdf tamu GitHub
https://github.com/droglenc/fsa com,github)/droglenc/fsa 201808 18702/PUCKETT-DISSERTATION-2021.pdf tamu GitHub
https://github.com/droglenc/fsa com,github)/droglenc/fsa 202105 18702/PUCKETT-DISSERTATION-2021.pdf tamu GitHub
https://github.com/dtneves/superfine com,github)/dtneves/superfine 201712 20288/MANSHOURI-THESIS-2017.pdf tamu GitHub
https://github.com/dwaithe/gp-plugin com,github)/dwaithe/gp-plugin 201712 8470/KIM-DISSERTATION-2017.pdf tamu GitHub
https://github.com/eakcohen/algorithmic-resolution com,github)/eakcohen/algorithmic-resolution 202012 2278/ABRAHAM-DISSERTATION-2020.pdf tamu GitHub
https://github.com/earthwings/annotate com,github)/earthwings/annotate 202112 4092/VEGAMOOR-DISSERTATION-2021.pdf tamu GitHub
https://github.com/ebertolazzi/mexipopt com,github)/ebertolazzi/mexipopt 202005 285/KNISLEY-THESIS-2020.pdf tamu GitHub
https://github.com/ebertolazzi/mexipopt com,github)/ebertolazzi/mexipopt 202005 328/KNISLEY-THESIS-2020.pdf tamu GitHub
https://github.com/ecologylab/bigsemantics/wiki com,github)/ecologylab/bigsemantics/wiki 201908 2671/QU-DISSERTATION-2019.pdf tamu GitHub
https://github.com/efficient/surf com,github)/efficient/surf 202108 21695/QIN-DISSERTATION-2021.pdf tamu GitHub
https://github.com/ehrl1ch/rna-seq com,github)/ehrl1ch/rna-seq 201905 20735/EHRLICH-DISSERTATION-2019.pdf tamu GitHub
https://github.com/ekg/vcflib com,github)/ekg/vcflib 201605 666/HOLLENBECK-DISSERTATION-2016.pdf tamu GitHub
https://github.com/eleurent/highway-env com,github)/eleurent/highway-env 202108 4112/KO-DISSERTATION-2021.pdf tamu GitHub
https://github.com/elsevierlabs/oa-stm-corpus com,github)/elsevierlabs/oa-stm-corpus 201812 3174/WANG-DISSERTATION-2018.pdf tamu GitHub
https://github.com/elsevierlabs/oa-stm-corpus com,github)/elsevierlabs/oa-stm-corpus 202005 2738/LIN-DISSERTATION-2020.pdf tamu GitHub
https://github.com/emkailu/pat3dem com,github)/emkailu/pat3dem 201805 3850/YANG-DISSERTATION-2018.pdf tamu GitHub
https://github.com/enormandeau/scripts/blob/master/fastqcombinepairedend.py com,github)/enormandeau/scripts/blob/master/fastqcombinepairedend.py 201812 4050/BROWNE-DISSERTATION-2018.pdf tamu GitHub
https://github.com/erakhsha/realactivity com,github)/erakhsha/realactivity 202012 19757/PAKBIN-THESIS-2020.pdf tamu GitHub
https://github.com/erykoff/decasu com,github)/erykoff/decasu 202108 21880/FERGUSON-DISSERTATION-2021.pdf tamu GitHub
https://github.com/esheldon/fitsio com,github)/esheldon/fitsio 202108 21880/FERGUSON-DISSERTATION-2021.pdf tamu GitHub
https://github.com/esrice/slurm-hic com,github)/esrice/slurm-hic 202108 21900/BREDEMEYER-DISSERTATION-2021.pdf tamu GitHub
https://github.com/esrice/trio_binning com,github)/esrice/trio_binning 202108 21900/BREDEMEYER-DISSERTATION-2021.pdf tamu GitHub
https://github.com/euske/pdfminer com,github)/euske/pdfminer 201812 3174/WANG-DISSERTATION-2018.pdf tamu GitHub
https://github.com/euske/pdfminer com,github)/euske/pdfminer 202005 2738/LIN-DISSERTATION-2020.pdf tamu GitHub
https://github.com/ewels/multiqc com,github)/ewels/multiqc 202112 5061/FOLCIK-DISSERTATION-2021.pdf tamu GitHub
https://github.com/eyce9000/openawt com,github)/eyce9000/openawt 201212 17240/LUCCHESE-THESIS-2012.pdf tamu GitHub
https://github.com/eyce9000/strontium com,github)/eyce9000/strontium 201212 17240/LUCCHESE-THESIS-2012.pdf tamu GitHub
https://github.com/facebook/flashcache com,github)/facebook/flashcache 201512 18316/MOON-DISSERTATION-2015.pdf tamu GitHub
https://github.com/facebook/hiphop-php com,github)/facebook/hiphop-php 201212 15119/ADITYAKUMAR-THESIS-2012.pdf tamu GitHub
https://github.com/facebook/network-connection-class com,github)/facebook/network-connection-class 202008 2858/CHAO-DISSERTATION-2020.pdf tamu GitHub
https://github.com/facebookresearch/detectron2 com,github)/facebookresearch/detectron2 201612 18322/XUE-THESIS-2020.pdf tamu GitHub
https://github.com/facebookresearch/detectron2 com,github)/facebookresearch/detectron2 202012 18322/XUE-THESIS-2020.pdf tamu GitHub
https://github.com/facebookresearch/detectron2 com,github)/facebookresearch/detectron2 202105 17164/XIE-THESIS-2021.pdf tamu GitHub
https://github.com/facebookresearch/detectron2 com,github)/facebookresearch/detectron2 202105 17515/LEE-DISSERTATION-2021.pdf tamu GitHub
https://github.com/facebookresearch/detectron2 com,github)/facebookresearch/detectron2 202105 18204/LEE-DISSERTATION-2021.pdf tamu GitHub
https://github.com/facebookresearch/detectron2 com,github)/facebookresearch/detectron2 202105 18207/LEE-DISSERTATION-2021.pdf tamu GitHub
https://github.com/fatchord/wavernn com,github)/fatchord/wavernn 202105 18901/DING-DISSERTATION-2021.pdf tamu GitHub
https://github.com/fchollet/keras com,github)/fchollet/keras 200808 2196/KHURJEKAR-THESIS-2018.pdf tamu GitHub
https://github.com/fchollet/keras com,github)/fchollet/keras 201605 1960/GUO-DISSERTATION-2017.pdf tamu GitHub
https://github.com/fchollet/keras com,github)/fchollet/keras 201712 1960/GUO-DISSERTATION-2017.pdf tamu GitHub
https://github.com/fchollet/keras com,github)/fchollet/keras 201808 2196/KHURJEKAR-THESIS-2018.pdf tamu GitHub
https://github.com/fchollet/keras com,github)/fchollet/keras 201912 1141/NAYAK-THESIS-2019.pdf tamu GitHub
https://github.com/feelingice/dissertation-supplemental-datasets com,github)/feelingice/dissertation-supplemental-datasets 202108 2533/JI-DISSERTATION-2021.pdf tamu GitHub
https://github.com/felixkrueger/trimgalore com,github)/felixkrueger/trimgalore 201912 5104/CASTELLANOS-DISSERTATION-2019.pdf tamu GitHub
https://github.com/felixkrueger/trimgalore com,github)/felixkrueger/trimgalore 202008 1125/LEE-DISSERTATION-2020.pdf tamu GitHub
https://github.com/finnlindgren/heatoncomparison com,github)/finnlindgren/heatoncomparison 202108 21833/RAY-DISSERTATION-2021.pdf tamu GitHub
https://github.com/firecracker-microvm/firecracker/blob/master/docs/images/firecracker_threat_containment.png com,github)/firecracker-microvm/firecracker/blob/master/docs/images/firecracker_threat_containment.png 202008 848/KANMANTHAREDDY-THESIS-2020.pdf tamu GitHub
https://github.com/firemodels/fds-smv com,github)/firemodels/fds-smv 201712 20862/WU-DISSERTATION-2017.pdf tamu GitHub
https://github.com/firemodels/fds/releases/download/fds6.5.3/fds_user_guide.pdf com,github)/firemodels/fds/releases/download/fds6.5.3/fds_user_guide.pdf 201712 20862/WU-DISSERTATION-2017.pdf tamu GitHub
https://github.com/fizyr/keras-retinanet com,github)/fizyr/keras-retinanet 202008 1599/YUAN-DISSERTATION-2020.pdf tamu GitHub
https://github.com/floodlight/floodlight com,github)/floodlight/floodlight 201808 2403/WANG-DISSERTATION-2018.pdf tamu GitHub
https://github.com/floodlight/floodlight com,github)/floodlight/floodlight 201908 5834/XU-DISSERTATION-2019.pdf tamu GitHub
https://github.com/flowgrammable com,github)/flowgrammable 201912 22035/CASEY-DISSERTATION-2019.pdf tamu GitHub
https://github.com/fmfn/bayesianoptimization com,github)/fmfn/bayesianoptimization 202112 9477/LIANG-DISSERTATION-2021.pdf tamu GitHub
https://github.com/gabaldonlab/redundans com,github)/gabaldonlab/redundans 202105 2883/GAIRE-DISSERTATION-2021.pdf tamu GitHub
https://github.com/galaxyproject/tools-iuc com,github)/galaxyproject/tools-iuc 202108 21645/ZHANG-DISSERTATION-2021.pdf tamu GitHub
https://github.com/gandhalijuvekar/matgmd com,github)/gandhalijuvekar/matgmd 201905 20608/JUVEKAR-THESIS-2019.pdf tamu GitHub
https://github.com/gbrammer/eazy-py com,github)/gbrammer/eazy-py 202108 2103/ESTRADA-CARPENTER-DISSERTATION-2021.pdf tamu GitHub
https://github.com/gbrammer/grizli com,github)/gbrammer/grizli 202108 2103/ESTRADA-CARPENTER-DISSERTATION-2021.pdf tamu GitHub
https://github.com/gbrammer/threedhst com,github)/gbrammer/threedhst 202108 2103/ESTRADA-CARPENTER-DISSERTATION-2021.pdf tamu GitHub
https://github.com/gbrammer/unicorn com,github)/gbrammer/unicorn 202108 2103/ESTRADA-CARPENTER-DISSERTATION-2021.pdf tamu GitHub
https://github.com/gelfmoore/mcpi com,github)/gelfmoore/mcpi 202108 21733/MOORE-THESIS-2021.pdf tamu GitHub
https://github.com/gemslab/kgist com,github)/gemslab/kgist 202108 21555/LIU-THESIS-2021.pdf tamu GitHub
https://github.com/gilbo/cork com,github)/gilbo/cork 201812 2864/BALLARD-DISSERTATION-2018.pdf tamu GitHub
https://github.com/google/benchmark com,github)/google/benchmark 201908 20673/SAHU-THESIS-2019.pdf tamu GitHub
https://github.com/google/gvisor com,github)/google/gvisor 201912 1464/WU-THESIS-2019.pdf tamu GitHub
https://github.com/google/gvisor com,github)/google/gvisor 202008 848/KANMANTHAREDDY-THESIS-2020.pdf tamu GitHub
https://github.com/google/gvisor com,github)/google/gvisor 202105 1464/WU-THESIS-2019.pdf tamu GitHub
https://github.com/google/gvisor/blob/master/website/assets/images/2019-11-18-security-basics-figure1.png com,github)/google/gvisor/blob/master/website/assets/images/2019-11-18-security-basics-figure1.png 202008 848/KANMANTHAREDDY-THESIS-2020.pdf tamu GitHub
https://github.com/googleapis/google-cloud-node com,github)/googleapis/google-cloud-node 201912 1093/LUO-THESIS-2019.pdf tamu GitHub
https://github.com/gpertea/gffcompare.git com,github)/gpertea/gffcompare.git 201708 4393/BENJAMIN-DISSERTATION-2017.pdf tamu GitHub
https://github.com/gpertea/gffread.git com,github)/gpertea/gffread.git 201708 4393/BENJAMIN-DISSERTATION-2017.pdf tamu GitHub
https://github.com/gpertea/stringtie com,github)/gpertea/stringtie 201708 4393/BENJAMIN-DISSERTATION-2017.pdf tamu GitHub
https://github.com/greengroup/rmg-py com,github)/greengroup/rmg-py 201808 2064/SIKESIII-DISSERTATION-2018.pdf tamu GitHub
https://github.com/gridprotectionalliance/pmuconnectiontester com,github)/gridprotectionalliance/pmuconnectiontester 202112 4038/KNESEK-THESIS-2021.pdf tamu GitHub
https://github.com/guanlongzhao/fac-via-ppg com,github)/guanlongzhao/fac-via-ppg 202008 726/ZHAO-DISSERTATION-2020.pdf tamu GitHub
https://github.com/guanlongzhao/kaldi-dnn-ali-gop com,github)/guanlongzhao/kaldi-dnn-ali-gop 202008 726/ZHAO-DISSERTATION-2020.pdf tamu GitHub
https://github.com/guanlongzhao/ppg-gmm com,github)/guanlongzhao/ppg-gmm 202008 726/ZHAO-DISSERTATION-2020.pdf tamu GitHub
https://github.com/guanlongzhao/reference-free-ac com,github)/guanlongzhao/reference-free-ac 202008 726/ZHAO-DISSERTATION-2020.pdf tamu GitHub
https://github.com/gvkk123/msthesisieee80211p com,github)/gvkk123/msthesisieee80211p 201708 272/GOGINENIVISHNU-THESIS-2017.pdf tamu GitHub
https://github.com/hancockzb com,github)/hancockzb 202012 492/HANCOCK-DISSERTATION-2020.pdf tamu GitHub
https://github.com/hcdenbakker/mcoutbryk com,github)/hcdenbakker/mcoutbryk 201912 22062/LEVENT-DISSERTATION-2019.pdf tamu GitHub
https://github.com/healpy/healpy com,github)/healpy/healpy 202108 21880/FERGUSON-DISSERTATION-2021.pdf tamu GitHub
https://github.com/hectornieto/pytseb com,github)/hectornieto/pytseb 201912 21913/ROUZE-DISSERTATION-2019.pdf tamu GitHub
https://github.com/henikoff/cut-and-run com,github)/henikoff/cut-and-run 202112 17041/FANG-DISSERTATION-2021.pdf tamu GitHub
https://github.com/hewlettpackard/supersim com,github)/hewlettpackard/supersim 202012 18817/WEN-DISSERTATION-2020.pdf tamu GitHub
https://github.com/hezhangsprinter/dcpdn com,github)/hezhangsprinter/dcpdn 202008 1599/YUAN-DISSERTATION-2020.pdf tamu GitHub
https://github.com/hill-a/stable-baselines com,github)/hill-a/stable-baselines 202005 2610/GUIMARAESGOECKS-DISSERTATION-2020.pdf tamu GitHub
https://github.com/hill-a/stable-baselines com,github)/hill-a/stable-baselines 202005 3006/THAYER-THESIS-2020.pdf tamu GitHub
https://github.com/hill-a/stable-baselines com,github)/hill-a/stable-baselines 202012 18345/KALKUR-THESIS-2020.pdf tamu GitHub
https://github.com/hill-a/stable-baselines com,github)/hill-a/stable-baselines 202108 21716/GARCIABUZZI-DISSERTATION-2021.pdf tamu GitHub
https://github.com/hip2b2/poxstuff/blob/master/of_firewall.py com,github)/hip2b2/poxstuff/blob/master/of_firewall.py 201808 2403/WANG-DISSERTATION-2018.pdf tamu GitHub
https://github.com/hiraditya/cpp2cxx com,github)/hiraditya/cpp2cxx 201212 15119/ADITYAKUMAR-THESIS-2012.pdf tamu GitHub
https://github.com/hotdrink com,github)/hotdrink 201605 13229/FREEMAN-DISSERTATION-2016.pdf tamu GitHub
https://github.com/hotdrink/hotdrink com,github)/hotdrink/hotdrink 201605 8444/FOUST-DISSERTATION-2016.pdf tamu GitHub
https://github.com/htot/crc32c com,github)/htot/crc32c 201908 20673/SAHU-THESIS-2019.pdf tamu GitHub
https://github.com/huggingface/transformers com,github)/huggingface/transformers 202012 18509/YAO-DISSERTATION-2020.pdf tamu GitHub
https://github.com/huguyuehuhu/hcn-pytorch com,github)/huguyuehuhu/hcn-pytorch 201812 21676/JAYAGOPAL-THESIS-2021.pdf tamu GitHub
https://github.com/huguyuehuhu/hcn-pytorch com,github)/huguyuehuhu/hcn-pytorch 202108 21676/JAYAGOPAL-THESIS-2021.pdf tamu GitHub
https://github.com/hunterhector/evmeval com,github)/hunterhector/evmeval 202105 1142/CHOUBEY-DISSERTATION-2021.pdf tamu GitHub
https://github.com/ibrdtn com,github)/ibrdtn 201905 20633/ALTAWEEL-DISSERTATION-2019.pdf tamu GitHub
https://github.com/ikaroshu/pycevns com,github)/ikaroshu/pycevns 202005 2712/LIAO-DISSERTATION-2020.pdf tamu GitHub
https://github.com/ikostrikov/pytorch-a2c-ppo-acktr com,github)/ikostrikov/pytorch-a2c-ppo-acktr 201912 21920/NGUYEN-DISSERTATION-2019.pdf tamu GitHub
https://github.com/intel-iot-devkit/mraa com,github)/intel-iot-devkit/mraa 201808 2198/SUN-DISSERTATION-2018.pdf tamu GitHub
https://github.com/intel/soft-crc com,github)/intel/soft-crc 201908 20673/SAHU-THESIS-2019.pdf tamu GitHub
https://github.com/iperov/deepfacelab,” com,github)/iperov/deepfacelab,%e2%80%9d 201912 21982/PENTYALA-THESIS-2019.pdf tamu GitHub
https://github.com/itseez/opencv/tree/master/data/haarcascades com,github)/itseez/opencv/tree/master/data/haarcascades 201512 5438/DUGGINA-THESIS-2015.pdf tamu GitHub
https://github.com/ivastar/clear com,github)/ivastar/clear 202108 2103/ESTRADA-CARPENTER-DISSERTATION-2021.pdf tamu GitHub
https://github.com/izeh/i/blob/master/1.r com,github)/izeh/i/blob/master/1.r 201808 2171/NOROUZIAN-DISSERTATION-2018.pdf tamu GitHub
https://github.com/izeh/i/blob/master/1.r com,github)/izeh/i/blob/master/1.r 202105 2171/NOROUZIAN-DISSERTATION-2018.pdf tamu GitHub
https://github.com/izeh/i/blob/master/11.r com,github)/izeh/i/blob/master/11.r 201808 2171/NOROUZIAN-DISSERTATION-2018.pdf tamu GitHub
https://github.com/izeh/i/blob/master/11.r com,github)/izeh/i/blob/master/11.r 202105 2171/NOROUZIAN-DISSERTATION-2018.pdf tamu GitHub
https://github.com/izeh/i/blob/master/2.r com,github)/izeh/i/blob/master/2.r 201808 2171/NOROUZIAN-DISSERTATION-2018.pdf tamu GitHub
https://github.com/izeh/i/blob/master/2.r com,github)/izeh/i/blob/master/2.r 202105 2171/NOROUZIAN-DISSERTATION-2018.pdf tamu GitHub
https://github.com/izeh/i/blob/master/3.r com,github)/izeh/i/blob/master/3.r 201808 2171/NOROUZIAN-DISSERTATION-2018.pdf tamu GitHub
https://github.com/izeh/i/blob/master/3.r com,github)/izeh/i/blob/master/3.r 202105 2171/NOROUZIAN-DISSERTATION-2018.pdf tamu GitHub
https://github.com/izeh/i/blob/master/4.r com,github)/izeh/i/blob/master/4.r 201808 2171/NOROUZIAN-DISSERTATION-2018.pdf tamu GitHub
https://github.com/izeh/i/blob/master/4.r com,github)/izeh/i/blob/master/4.r 202105 2171/NOROUZIAN-DISSERTATION-2018.pdf tamu GitHub
https://github.com/izeh/i/blob/master/5.r com,github)/izeh/i/blob/master/5.r 201808 2171/NOROUZIAN-DISSERTATION-2018.pdf tamu GitHub
https://github.com/izeh/i/blob/master/5.r com,github)/izeh/i/blob/master/5.r 202105 2171/NOROUZIAN-DISSERTATION-2018.pdf tamu GitHub
https://github.com/izeh/i/blob/master/6.r com,github)/izeh/i/blob/master/6.r 201808 2171/NOROUZIAN-DISSERTATION-2018.pdf tamu GitHub
https://github.com/izeh/i/blob/master/6.r com,github)/izeh/i/blob/master/6.r 202105 2171/NOROUZIAN-DISSERTATION-2018.pdf tamu GitHub
https://github.com/izeh/i/blob/master/7.r com,github)/izeh/i/blob/master/7.r 201808 2171/NOROUZIAN-DISSERTATION-2018.pdf tamu GitHub
https://github.com/izeh/i/blob/master/7.r com,github)/izeh/i/blob/master/7.r 202105 2171/NOROUZIAN-DISSERTATION-2018.pdf tamu GitHub
https://github.com/izeh/i/blob/master/9.r com,github)/izeh/i/blob/master/9.r 201808 2171/NOROUZIAN-DISSERTATION-2018.pdf tamu GitHub
https://github.com/izeh/i/blob/master/9.r com,github)/izeh/i/blob/master/9.r 202105 2171/NOROUZIAN-DISSERTATION-2018.pdf tamu GitHub
https://github.com/izeh/i/blob/master/d.r com,github)/izeh/i/blob/master/d.r 201808 2171/NOROUZIAN-DISSERTATION-2018.pdf tamu GitHub
https://github.com/izeh/i/blob/master/d.r com,github)/izeh/i/blob/master/d.r 202105 2171/NOROUZIAN-DISSERTATION-2018.pdf tamu GitHub
https://github.com/izeh/j/blob/master/1.r com,github)/izeh/j/blob/master/1.r 201808 2171/NOROUZIAN-DISSERTATION-2018.pdf tamu GitHub
https://github.com/izeh/j/blob/master/1.r com,github)/izeh/j/blob/master/1.r 202105 2171/NOROUZIAN-DISSERTATION-2018.pdf tamu GitHub
https://github.com/izeh/l/blob/master/1.r com,github)/izeh/l/blob/master/1.r 201808 2171/NOROUZIAN-DISSERTATION-2018.pdf tamu GitHub
https://github.com/izeh/l/blob/master/1.r com,github)/izeh/l/blob/master/1.r 202105 2171/NOROUZIAN-DISSERTATION-2018.pdf tamu GitHub
https://github.com/izeh/l/blob/master/2.r com,github)/izeh/l/blob/master/2.r 201808 2171/NOROUZIAN-DISSERTATION-2018.pdf tamu GitHub
https://github.com/izeh/l/blob/master/2.r com,github)/izeh/l/blob/master/2.r 202105 2171/NOROUZIAN-DISSERTATION-2018.pdf tamu GitHub
https://github.com/izeh/l/blob/master/3.r com,github)/izeh/l/blob/master/3.r 201808 2171/NOROUZIAN-DISSERTATION-2018.pdf tamu GitHub
https://github.com/izeh/l/blob/master/3.r com,github)/izeh/l/blob/master/3.r 202105 2171/NOROUZIAN-DISSERTATION-2018.pdf tamu GitHub
https://github.com/izeh/l/blob/master/4.r com,github)/izeh/l/blob/master/4.r 201808 2171/NOROUZIAN-DISSERTATION-2018.pdf tamu GitHub
https://github.com/izeh/l/blob/master/4.r com,github)/izeh/l/blob/master/4.r 202105 2171/NOROUZIAN-DISSERTATION-2018.pdf tamu GitHub
https://github.com/izeh/l/blob/master/5.r com,github)/izeh/l/blob/master/5.r 201808 2171/NOROUZIAN-DISSERTATION-2018.pdf tamu GitHub
https://github.com/izeh/l/blob/master/5.r com,github)/izeh/l/blob/master/5.r 202105 2171/NOROUZIAN-DISSERTATION-2018.pdf tamu GitHub
https://github.com/izeh/l/blob/master/6.r com,github)/izeh/l/blob/master/6.r 201808 2171/NOROUZIAN-DISSERTATION-2018.pdf tamu GitHub
https://github.com/izeh/l/blob/master/6.r com,github)/izeh/l/blob/master/6.r 202105 2171/NOROUZIAN-DISSERTATION-2018.pdf tamu GitHub
https://github.com/izeh/l/blob/master/7.r com,github)/izeh/l/blob/master/7.r 201808 2171/NOROUZIAN-DISSERTATION-2018.pdf tamu GitHub
https://github.com/izeh/l/blob/master/7.r com,github)/izeh/l/blob/master/7.r 202105 2171/NOROUZIAN-DISSERTATION-2018.pdf tamu GitHub
https://github.com/izeh/l/blob/master/d.r com,github)/izeh/l/blob/master/d.r 201808 2171/NOROUZIAN-DISSERTATION-2018.pdf tamu GitHub
https://github.com/izeh/l/blob/master/d.r com,github)/izeh/l/blob/master/d.r 202105 2171/NOROUZIAN-DISSERTATION-2018.pdf tamu GitHub
https://github.com/izeh/l/blob/master/i.pdf com,github)/izeh/l/blob/master/i.pdf 201808 2171/NOROUZIAN-DISSERTATION-2018.pdf tamu GitHub
https://github.com/izeh/l/blob/master/i.pdf com,github)/izeh/l/blob/master/i.pdf 202105 2171/NOROUZIAN-DISSERTATION-2018.pdf tamu GitHub
https://github.com/james-thorson/fishlife com,github)/james-thorson/fishlife 201912 1174/SIERRACASTILLO-THESIS-2019.pdf tamu GitHub
https://github.com/jamesltracy/kdems com,github)/jamesltracy/kdems 201812 2938/TRACY-DISSERTATION-2018.pdf tamu GitHub
https://github.com/jamesltracy/rsfsa_r com,github)/jamesltracy/rsfsa_r 201812 2938/TRACY-DISSERTATION-2018.pdf tamu GitHub
https://github.com/jamestaylorjr/trichoderma_transcriptome_metabolome com,github)/jamestaylorjr/trichoderma_transcriptome_metabolome 202008 4161/TAYLORJR-DISSERTATION-2020.pdf tamu GitHub
https://github.com/janeliascicomp/msg com,github)/janeliascicomp/msg 201508 5830/SQUIRE-THESIS-2015.pdf tamu GitHub
https://github.com/jasta/android-dev-tools/blob/master com,github)/jasta/android-dev-tools/blob/master 201505 15109/YAN-THESIS-2015.pdf tamu GitHub
https://github.com/jdstorey/qvalue com,github)/jdstorey/qvalue 201812 4068/DHAKAL-DISSERTATION-2018.pdf tamu GitHub
https://github.com/jdstorey/qvalue com,github)/jdstorey/qvalue 201905 19230/LAWRENCE-DISSERTATION-2019.pdf tamu GitHub
https://github.com/jean-romain/rcsf com,github)/jean-romain/rcsf 201112 5896/ANDERSONII-DISSERTATION-2019.pdf tamu GitHub
https://github.com/jean-romain/rcsf com,github)/jean-romain/rcsf 201908 5896/ANDERSONII-DISSERTATION-2019.pdf tamu GitHub
https://github.com/jedisct1/libsodium com,github)/jedisct1/libsodium 201708 4415/FLORES-MEATH-THESIS-2017.pdf tamu GitHub
https://github.com/jeffreyracine/r-package-np/blob/master/man/np.smoothcoef.rd com,github)/jeffreyracine/r-package-np/blob/master/man/np.smoothcoef.rd 201308 12386/XU-DISSERTATION-2013.pdf tamu GitHub
https://github.com/jendelman/polybreedr com,github)/jendelman/polybreedr 202112 4295/PANDEY-DISSERTATION-2021.pdf tamu GitHub
https://github.com/jesstierney/bayspar com,github)/jesstierney/bayspar 202108 1459/TAMALAVAGE-DISSERTATION-2021.pdf tamu GitHub
https://github.com/jianboqi/csf com,github)/jianboqi/csf 202105 17515/LEE-DISSERTATION-2021.pdf tamu GitHub
https://github.com/jianboqi/csf com,github)/jianboqi/csf 202105 18204/LEE-DISSERTATION-2021.pdf tamu GitHub
https://github.com/jianboqi/csf com,github)/jianboqi/csf 202105 18207/LEE-DISSERTATION-2021.pdf tamu GitHub
https://github.com/jieyu com,github)/jieyu 202105 18411/SUN-THESIS-2021.pdf tamu GitHub
https://github.com/jieyu com,github)/jieyu 202105 9539/SUN-THESIS-2021.pdf tamu GitHub
https://github.com/jimmayjr/hades com,github)/jimmayjr/hades 201305 9315/MAY-THESIS-2013.pdf tamu GitHub
https://github.com/jkrijthe/rtsne com,github)/jkrijthe/rtsne 202008 1125/LEE-DISSERTATION-2020.pdf tamu GitHub
https://github.com/jlblancoc/nanoflann com,github)/jlblancoc/nanoflann 201812 2864/BALLARD-DISSERTATION-2018.pdf tamu GitHub
https://github.com/johnwilander/ripe com,github)/johnwilander/ripe 202008 640/FENG-DISSERTATION-2020.pdf tamu GitHub
https://github.com/jordiabante/himme com,github)/jordiabante/himme 201605 751/ABANTELLENAS-THESIS-2016.pdf tamu GitHub
https://github.com/joshuaalley/arms-allies/blob/master/manuscript/arms-allies-paper.pdf com,github)/joshuaalley/arms-allies/blob/master/manuscript/arms-allies-paper.pdf 202008 315/ALLEY-DISSERTATION-2020.pdf tamu GitHub
https://github.com/jpuritz/ddocent/blob/master/scripts/ddocent_filters com,github)/jpuritz/ddocent/blob/master/scripts/ddocent_filters 202012 18245/TESSNOW-DISSERTATION-2020.pdf tamu GitHub
https://github.com/jrispoli/breast-body-fusion com,github)/jrispoli/breast-body-fusion 201508 9426/RISPOLI-DISSERTATION-2015.pdf tamu GitHub
https://github.com/jrowberg/i2cdevlib com,github)/jrowberg/i2cdevlib 201708 4373/ANILKUMAR-THESIS-2017.pdf tamu GitHub
https://github.com/jsh58/genrich com,github)/jsh58/genrich 202008 1125/LEE-DISSERTATION-2020.pdf tamu GitHub
https://github.com/jstjohn/seqprep com,github)/jstjohn/seqprep 201605 2716/MASON-DISSERTATION-2016.pdf tamu GitHub
https://github.com/jts/nanopolish com,github)/jts/nanopolish 201905 20710/RAMIREZ-THESIS-2019.pdf tamu GitHub
https://github.com/juliaparallel/mpi.jl com,github)/juliaparallel/mpi.jl 202108 4282/ANNO-THESIS-2021.pdf tamu GitHub
https://github.com/junyanz/pytorch-cyclegan-and-pix2pix com,github)/junyanz/pytorch-cyclegan-and-pix2pix 201212 20605/CHADHA-THESIS-2019.pdf tamu GitHub
https://github.com/junyanz/pytorch-cyclegan-and-pix2pix com,github)/junyanz/pytorch-cyclegan-and-pix2pix 201905 20605/CHADHA-THESIS-2019.pdf tamu GitHub
https://github.com/justinjfu/inverse_rl com,github)/justinjfu/inverse_rl 202005 2610/GUIMARAESGOECKS-DISSERTATION-2020.pdf tamu GitHub
https://github.com/kaldi-asr/kaldi/blob/master/egs/librispeech/s5/local/chain/tuning/run_tdnn_1d.sh com,github)/kaldi-asr/kaldi/blob/master/egs/librispeech/s5/local/chain/tuning/run_tdnn_1d.sh 202105 18901/DING-DISSERTATION-2021.pdf tamu GitHub
https://github.com/kaldi-asr/kaldi/blob/master/egs/librispeech/s5/local/nnet2/run_7a_960.sh com,github)/kaldi-asr/kaldi/blob/master/egs/librispeech/s5/local/nnet2/run_7a_960.sh 202008 726/ZHAO-DISSERTATION-2020.pdf tamu GitHub
https://github.com/kaldi-asr/kaldi/tree/master/egs/librispeech com,github)/kaldi-asr/kaldi/tree/master/egs/librispeech 202008 726/ZHAO-DISSERTATION-2020.pdf tamu GitHub
https://github.com/kaldi-asr/kaldi/tree/master/egs/librispeech com,github)/kaldi-asr/kaldi/tree/master/egs/librispeech 202012 18434/HAIR-DISSERTATION-2020.pdf tamu GitHub
https://github.com/kata-containers/kata-containers/blob/2.0-dev/docs/design/architecture.md com,github)/kata-containers/kata-containers/blob/2.0-dev/docs/design/architecture.md 202008 848/KANMANTHAREDDY-THESIS-2020.pdf tamu GitHub
https://github.com/kata-containers/runtime com,github)/kata-containers/runtime 202008 848/KANMANTHAREDDY-THESIS-2020.pdf tamu GitHub
https://github.com/katzfuss-group/gpvecchia-laplace com,github)/katzfuss-group/gpvecchia-laplace 202108 21790/ZILBER-DISSERTATION-2021.pdf tamu GitHub
https://github.com/katzfuss-group/vecchiafilter com,github)/katzfuss-group/vecchiafilter 202008 3707/JUREK-DISSERTATION-2020.pdf tamu GitHub
https://github.com/keras-rl/keras-rl com,github)/keras-rl/keras-rl 201912 1143/PARUNANDI-THESIS-2019.pdf tamu GitHub
https://github.com/keras-team/keras-tuner com,github)/keras-team/keras-tuner 202105 1995/JIN-DISSERTATION-2021.pdf tamu GitHub
https://github.com/kianfar77 com,github)/kianfar77 202005 2998/TORKAMANDI-DISSERTATION-2020.pdf tamu GitHub
https://github.com/kliment/printrun com,github)/kliment/printrun 201405 20769/SEARS-DISSERTATION-2019.pdf tamu GitHub
https://github.com/kliment/printrun com,github)/kliment/printrun 201905 20769/SEARS-DISSERTATION-2019.pdf tamu GitHub
https://github.com/kmackay/micro-ecc com,github)/kmackay/micro-ecc 201605 9573/PANDA-THESIS-2016.pdf tamu GitHub
https://github.com/kmchyn/2019_td_roadkill_risk com,github)/kmchyn/2019_td_roadkill_risk 201912 5110/CHYN-DISSERTATION-2019.pdf tamu GitHub
https://github.com/kmchyn/2019_tw_roadkill-risk com,github)/kmchyn/2019_tw_roadkill-risk 201912 5110/CHYN-DISSERTATION-2019.pdf tamu GitHub
https://github.com/kokke/tiny-aes128-c com,github)/kokke/tiny-aes128-c 201605 9573/PANDA-THESIS-2016.pdf tamu GitHub
https://github.com/kolinger/rd-usb com,github)/kolinger/rd-usb 202105 5065/SRIDHAR-THESIS-2021.pdf tamu GitHub
https://github.com/kolinger/rd-usb.git com,github)/kolinger/rd-usb.git 202108 4242/WU-DISSERTATION-2021.pdf tamu GitHub
https://github.com/kravitzel/composite_scores com,github)/kravitzel/composite_scores 201908 2605/KRAVITZ-DISSERTATION-2019.pdf tamu GitHub
https://github.com/kravitzel/physical-behavior-score com,github)/kravitzel/physical-behavior-score 201908 2605/KRAVITZ-DISSERTATION-2019.pdf tamu GitHub
https://github.com/kravitzel/sample_splitting com,github)/kravitzel/sample_splitting 201908 2605/KRAVITZ-DISSERTATION-2019.pdf tamu GitHub
https://github.com/kroimon/arduino-serialcommand com,github)/kroimon/arduino-serialcommand 201408 12203/BRENNAN-THESIS-2014.pdf tamu GitHub
https://github.com/krusek/mathematics/raw/master/sage/trop2d.sage com,github)/krusek/mathematics/raw/master/sage/trop2d.sage 201308 19486/RUSEK-DISSERTATION-2013.pdf tamu GitHub
https://github.com/krusek/mathematics/raw/master/sage/tropdd.sage com,github)/krusek/mathematics/raw/master/sage/tropdd.sage 201308 19486/RUSEK-DISSERTATION-2013.pdf tamu GitHub
https://github.com/kwarc/mws com,github)/kwarc/mws 201812 3174/WANG-DISSERTATION-2018.pdf tamu GitHub
https://github.com/kyunghyuncho/deepmat) com,github)/kyunghyuncho/deepmat) 201512 15233/ARYAL-DISSERTATION-2015.pdf tamu GitHub
https://github.com/ladybug-tools/honeybee/wiki/how-does-honeybee%5b-%5dset-up-the-input-files-for-multi-phase-daylight-simulation com,github)/ladybug-tools/honeybee/wiki/how-does-honeybee[-]set-up-the-input-files-for-multi-phase-daylight-simulation 202005 484/KOTA-DISSERTATION-2020.pdf tamu GitHub
https://github.com/ladybug-tools/ladybug-dynamo com,github)/ladybug-tools/ladybug-dynamo 202005 484/KOTA-DISSERTATION-2020.pdf tamu GitHub
https://github.com/ldsec/lattigo com,github)/ldsec/lattigo 202112 8841/SYED-DISSERTATION-2021.pdf tamu GitHub
https://github.com/leakec/tfc com,github)/leakec/tfc 201405 21497/JOHNSTON-DISSERTATION-2021.pdf tamu GitHub
https://github.com/leakec/tfc com,github)/leakec/tfc 202108 21497/JOHNSTON-DISSERTATION-2021.pdf tamu GitHub
https://github.com/leakec/tfc com,github)/leakec/tfc 202108 21523/LEAKE-DISSERTATION-2021.pdf tamu GitHub
https://github.com/ledif/dimebox com,github)/ledif/dimebox 202112 9307/FIDEL-DISSERTATION-2021.pdf tamu GitHub
https://github.com/lh3/samtools-legacy/blob/mas-ter/samtools.1 com,github)/lh3/samtools-legacy/blob/mas-ter/samtools.1 202112 15511/GARCIAOLAZABAL-DISSERTATION-2021.pdf tamu GitHub
https://github.com/lh3/seqtk com,github)/lh3/seqtk 202108 21900/BREDEMEYER-DISSERTATION-2021.pdf tamu GitHub
https://github.com/lh3/wgsim com,github)/lh3/wgsim 202112 15511/GARCIAOLAZABAL-DISSERTATION-2021.pdf tamu GitHub
https://github.com/lihuang3/ur5_ros-gazebo.git com,github)/lihuang3/ur5_ros-gazebo.git 202012 18850/KHURANA-THESIS-2020.pdf tamu GitHub
https://github.com/lijinbio/cmsip com,github)/lijinbio/cmsip 202112 17041/FANG-DISSERTATION-2021.pdf tamu GitHub
https://github.com/llnl/magpie com,github)/llnl/magpie 202112 9307/FIDEL-DISSERTATION-2021.pdf tamu GitHub
https://github.com/longjp/rr-templates com,github)/longjp/rr-templates 202005 21478/STRINGER-DISSERTATION-2020.pdf tamu GitHub
https://github.com/lowrisc/ariane com,github)/lowrisc/ariane 202012 18278/PERSYN-THESIS-2020.pdf tamu GitHub
https://github.com/lsstdesc/healsparse com,github)/lsstdesc/healsparse 202108 21880/FERGUSON-DISSERTATION-2021.pdf tamu GitHub
https://github.com/lsstsciencecollaborations/observingstrategy com,github)/lsstsciencecollaborations/observingstrategy 202005 21478/STRINGER-DISSERTATION-2020.pdf tamu GitHub
https://github.com/lyken17/pytorch-opcounter com,github)/lyken17/pytorch-opcounter 202105 2989/SONG-DISSERTATION-2021.pdf tamu GitHub
https://github.com/madler/zlib/blob/master/crc32.c com,github)/madler/zlib/blob/master/crc32.c 201908 20673/SAHU-THESIS-2019.pdf tamu GitHub
https://github.com/mamoonmasud/cdr_vae com,github)/mamoonmasud/cdr_vae 202112 11404/MASUD-THESIS-2021.pdf tamu GitHub
https://github.com/mana-ysh/knowledge-graph-embeddings com,github)/mana-ysh/knowledge-graph-embeddings 202108 21555/LIU-THESIS-2021.pdf tamu GitHub
https://github.com/mapirlab/rf2o_laser_odometry com,github)/mapirlab/rf2o_laser_odometry 202012 424/KARTIKPRAKASH-THESIS-2020.pdf tamu GitHub
https://github.com/marbl/canu com,github)/marbl/canu 202005 18783/MCWILLIAMS-THESIS-2020.pdf tamu GitHub
https://github.com/marekkowalski/faceswap/,” com,github)/marekkowalski/faceswap/,%e2%80%9d 201912 21982/PENTYALA-THESIS-2019.pdf tamu GitHub
https://github.com/markummitchell/engauge-digitizer com,github)/markummitchell/engauge-digitizer 201912 22005/SUN-DISSERTATION-2019.pdf tamu GitHub
https://github.com/martemyev/tethex/wiki com,github)/martemyev/tethex/wiki 201812 3230/SOTELOGAMBOA-THESIS-2018.pdf tamu GitHub
https://github.com/matterport/mask_rcnn com,github)/matterport/mask_rcnn 202008 1599/YUAN-DISSERTATION-2020.pdf tamu GitHub
https://github.com/matthewpeterkelly/optimtraj com,github)/matthewpeterkelly/optimtraj 201905 2392/CHAO-DISSERTATION-2019.pdf tamu GitHub
https://github.com/mbostock/d3 com,github)/mbostock/d3 201512 15336/BHANGAONKAR-THESIS-2015.pdf tamu GitHub
https://github.com/mbostock/d3/wiki/force-layout com,github)/mbostock/d3/wiki/force-layout 201505 15074/SINGH-THESIS-2015.pdf tamu GitHub
https://github.com/mdbloice/augmentor com,github)/mdbloice/augmentor 201905 20799/DEY-THESIS-2019.pdf tamu GitHub
https://github.com/melop/admixem com,github)/melop/admixem 202005 21582/JOFRERODRIGUEZ-DISSERTATION-2020.pdf tamu GitHub
https://github.com/melop/admixsimul com,github)/melop/admixsimul 201212 5756/CUI-DISSERTATION-2014.pdf tamu GitHub
https://github.com/melop/admixsimul com,github)/melop/admixsimul 201405 5756/CUI-DISSERTATION-2014.pdf tamu GitHub
https://github.com/mh-skjelvareid/synaptus com,github)/mh-skjelvareid/synaptus 201908 5993/KOBYLINSKI-THESIS-2019.pdf tamu GitHub
https://github.com/michaelrnowak com,github)/michaelrnowak 201912 1140/NOWAK-DISSERTATION-2019.pdf tamu GitHub
https://github.com/microsoft/nni com,github)/microsoft/nni 201612 18322/XUE-THESIS-2020.pdf tamu GitHub
https://github.com/microsoft/nni com,github)/microsoft/nni 202012 18322/XUE-THESIS-2020.pdf tamu GitHub
https://github.com/microsoft/roomalivetoolkit com,github)/microsoft/roomalivetoolkit 202012 18808/ADAMS-DISSERTATION-2020.pdf tamu GitHub
https://github.com/microsoft/win2d com,github)/microsoft/win2d 201705 4642/WEBB-DISSERTATION-2017.pdf tamu GitHub
https://github.com/mikechristie/open-iscsi com,github)/mikechristie/open-iscsi 201612 2794/MORRISON-THESIS-2016.pdf tamu GitHub
https://github.com/mikesmitka/truvot com,github)/mikesmitka/truvot 201608 21349/SMITKA-DISSERTATION-2016.pdf tamu GitHub
https://github.com/miracl/miracl com,github)/miracl/miracl 201708 4415/FLORES-MEATH-THESIS-2017.pdf tamu GitHub
https://github.com/mit-ll/cep com,github)/mit-ll/cep 202112 10339/GUMMIDIPOONDIJAYASANKARAN-DISSERTATION-2021.pdf tamu GitHub
https://github.com/mitmproxy/mitmproxy com,github)/mitmproxy/mitmproxy 201908 712/YANG-DISSERTATION-2019.pdf tamu GitHub
https://github.com/mozilla/rr com,github)/mozilla/rr 201912 21981/HUANG-DISSERTATION-2019.pdf tamu GitHub
https://github.com/msagor/edgekeeper com,github)/msagor/edgekeeper 202112 18416/SAGOR-THESIS-2021.pdf tamu GitHub
https://github.com/msagor/rsock com,github)/msagor/rsock 202112 18416/SAGOR-THESIS-2021.pdf tamu GitHub
https://github.com/msancheznet/dtnsim com,github)/msancheznet/dtnsim 202108 21716/GARCIABUZZI-DISSERTATION-2021.pdf tamu GitHub
https://github.com/mstamy2/pypdf2 com,github)/mstamy2/pypdf2 201808 4142/SONG-THESIS-2018.pdf tamu GitHub
https://github.com/mstrazar/ionmf com,github)/mstrazar/ionmf 201605 1960/GUO-DISSERTATION-2017.pdf tamu GitHub
https://github.com/mstrazar/ionmf com,github)/mstrazar/ionmf 201712 1960/GUO-DISSERTATION-2017.pdf tamu GitHub
https://github.com/mulletlab/exhet_supplement com,github)/mulletlab/exhet_supplement 201705 17763/TRUONG-DISSERTATION-2017.pdf tamu GitHub
https://github.com/mulletlab/exhet_supplemental com,github)/mulletlab/exhet_supplemental 201705 17763/TRUONG-DISSERTATION-2017.pdf tamu GitHub
https://github.com/mulletlab/leafangle_supplement com,github)/mulletlab/leafangle_supplement 201705 17763/TRUONG-DISSERTATION-2017.pdf tamu GitHub
https://github.com/mulletlab/qtl com,github)/mulletlab/qtl 201705 17763/TRUONG-DISSERTATION-2017.pdf tamu GitHub
https://github.com/mulletlab/rig com,github)/mulletlab/rig 201705 17750/MCCORMICK-DISSERTATION-2017.pdf tamu GitHub
https://github.com/mulletlab/sorghumreconstructionandphenotyping com,github)/mulletlab/sorghumreconstructionandphenotyping 201705 17750/MCCORMICK-DISSERTATION-2017.pdf tamu GitHub
https://github.com/mwaskom/seaborn com,github)/mwaskom/seaborn 202108 21854/GERMAN-DISSERTATION-2021.pdf tamu GitHub
https://github.com/mykter/afl-training/tree/master/challenges/heartbleed com,github)/mykter/afl-training/tree/master/challenges/heartbleed 202008 640/FENG-DISSERTATION-2020.pdf tamu GitHub
https://github.com/mzy2240/esa com,github)/mzy2240/esa 201712 19048/KLAUBER-DISSERTATION-2020.pdf tamu GitHub
https://github.com/mzy2240/esa com,github)/mzy2240/esa 202005 3006/THAYER-THESIS-2020.pdf tamu GitHub
https://github.com/mzy2240/esa com,github)/mzy2240/esa 202012 19048/KLAUBER-DISSERTATION-2020.pdf tamu GitHub
https://github.com/najoshi/sickle com,github)/najoshi/sickle 201605 1960/GUO-DISSERTATION-2017.pdf tamu GitHub
https://github.com/najoshi/sickle com,github)/najoshi/sickle 201712 1960/GUO-DISSERTATION-2017.pdf tamu GitHub
https://github.com/naktakala/mcnp_meshtal_python_processor com,github)/naktakala/mcnp_meshtal_python_processor 202105 2035/RICKETTS-THESIS-2021.pdf tamu GitHub
https://github.com/named-data com,github)/named-data 202008 1146/KHAN-THESIS-2020.pdf tamu GitHub
https://github.com/named-data/ndn-cxx com,github)/named-data/ndn-cxx 202008 1146/KHAN-THESIS-2020.pdf tamu GitHub
https://github.com/namita-kumar/gymballbiomechanalysis com,github)/namita-kumar/gymballbiomechanalysis 201708 4373/ANILKUMAR-THESIS-2017.pdf tamu GitHub
https://github.com/namita-kumar/gymballmodel com,github)/namita-kumar/gymballmodel 201708 4373/ANILKUMAR-THESIS-2017.pdf tamu GitHub
https://github.com/nasa/gtm_designsim com,github)/nasa/gtm_designsim 201712 3901/HARRIS-THESIS-2017.pdf tamu GitHub
https://github.com/nasa/trick/wiki/related-projects com,github)/nasa/trick/wiki/related-projects 201908 3780/HOGAN-THESIS-2019.pdf tamu GitHub
https://github.com/ncbi/sra-tools com,github)/ncbi/sra-tools 202112 18189/GONZALEZ-DISSERTATION-2021.pdf tamu GitHub
https://github.com/neeedz/cost com,github)/neeedz/cost 202108 21566/OBATAKE-DISSERTATION-2021.pdf tamu GitHub
https://github.com/neeedz/erk com,github)/neeedz/erk 202108 21566/OBATAKE-DISSERTATION-2021.pdf tamu GitHub
https://github.com/neeedz/mixedvolume com,github)/neeedz/mixedvolume 202108 21566/OBATAKE-DISSERTATION-2021.pdf tamu GitHub
https://github.com/netmanaiops/omnianomaly com,github)/netmanaiops/omnianomaly 201808 21828/KUMAR-THESIS-2021.pdf tamu GitHub
https://github.com/netmanaiops/omnianomaly com,github)/netmanaiops/omnianomaly 202108 21828/KUMAR-THESIS-2021.pdf tamu GitHub
https://github.com/netty/netty com,github)/netty/netty 201512 5310/NING-THESIS-2015.pdf tamu GitHub
https://github.com/nextomics/nextdenovo com,github)/nextomics/nextdenovo 202108 21900/BREDEMEYER-DISSERTATION-2021.pdf tamu GitHub
https://github.com/nf-core/rnaseq com,github)/nf-core/rnaseq 202112 5061/FOLCIK-DISSERTATION-2021.pdf tamu GitHub
https://github.com/noaa-orr-erd/pygnome com,github)/noaa-orr-erd/pygnome 201905 5212/DANIELS-THESIS-2019.pdf tamu GitHub
https://github.com/nogenmyr/blockmeshbodyfit com,github)/nogenmyr/blockmeshbodyfit 201812 3146/YEH-DISSERTATION-2018.pdf tamu GitHub
https://github.com/ntustison/antscooktemplatepriorsexample com,github)/ntustison/antscooktemplatepriorsexample 201805 18968/SAVJANI-DISSERTATION-2018.pdf tamu GitHub
https://github.com/ntustison/kapowskichronicles com,github)/ntustison/kapowskichronicles 201805 18968/SAVJANI-DISSERTATION-2018.pdf tamu GitHub
https://github.com/nvmd/libkdtree com,github)/nvmd/libkdtree 201812 2864/BALLARD-DISSERTATION-2018.pdf tamu GitHub
https://github.com/open-source-parsers/jsoncpp com,github)/open-source-parsers/jsoncpp 201505 20560/JAVAR-THESIS-2015.pdf tamu GitHub
https://github.com/openai/baselines com,github)/openai/baselines 201805 210/YOO-DISSERTATION-2018.pdf tamu GitHub
https://github.com/openai/baselines com,github)/openai/baselines 202005 3006/THAYER-THESIS-2020.pdf tamu GitHub
https://github.com/openai/baselines com,github)/openai/baselines 202108 21716/GARCIABUZZI-DISSERTATION-2021.pdf tamu GitHub
https://github.com/opencontainers/runtime-spec com,github)/opencontainers/runtime-spec 202008 848/KANMANTHAREDDY-THESIS-2020.pdf tamu GitHub
https://github.com/openfaas/faas com,github)/openfaas/faas 202008 1578/BHAT-THESIS-2020.pdf tamu GitHub
https://github.com/openmvg/openmvg com,github)/openmvg/openmvg 201905 18419/VEMPRALA-DISSERTATION-2019.pdf tamu GitHub
https://github.com/opennetworkinglab/onos com,github)/opennetworkinglab/onos 201908 5834/XU-DISSERTATION-2019.pdf tamu GitHub
https://github.com/openrce/sulley com,github)/openrce/sulley 201308 5855/WANG-THESIS-2014.pdf tamu GitHub
https://github.com/openrce/sulley com,github)/openrce/sulley 201405 5855/WANG-THESIS-2014.pdf tamu GitHub
https://github.com/openrisc/or1200 com,github)/openrisc/or1200 202012 18278/PERSYN-THESIS-2020.pdf tamu GitHub
https://github.com/openrisc/or1ksim com,github)/openrisc/or1ksim 202012 18278/PERSYN-THESIS-2020.pdf tamu GitHub
https://github.com/p4lang/p4-applications/blob/master/docs/telemetry_report_v1_0.pdf com,github)/p4lang/p4-applications/blob/master/docs/telemetry_report_v1_0.pdf 202108 21793/FENG-DISSERTATION-2021.pdf tamu GitHub
https://github.com/pacificbiosciences/blasr com,github)/pacificbiosciences/blasr 201812 4050/BROWNE-DISSERTATION-2018.pdf tamu GitHub
https://github.com/pacificbiosciences/genomicconsensus com,github)/pacificbiosciences/genomicconsensus 201812 4050/BROWNE-DISSERTATION-2018.pdf tamu GitHub
https://github.com/pacificbiosciences/genomicconsensus/blob/master/doc/faq.rst com,github)/pacificbiosciences/genomicconsensus/blob/master/doc/faq.rst 201812 4072/COXJR-DISSERTATION-2018.pdf tamu GitHub
https://github.com/pacificbiosciences/kineticstools com,github)/pacificbiosciences/kineticstools 201812 4050/BROWNE-DISSERTATION-2018.pdf tamu GitHub
https://github.com/parasol-aser/jmcr com,github)/parasol-aser/jmcr 201912 21981/HUANG-DISSERTATION-2019.pdf tamu GitHub
https://github.com/parasol-aser/jmcr com,github)/parasol-aser/jmcr 202105 18411/SUN-THESIS-2021.pdf tamu GitHub
https://github.com/parasol-aser/jmcr com,github)/parasol-aser/jmcr 202105 9539/SUN-THESIS-2021.pdf tamu GitHub
https://github.com/parasol-aser/tree com,github)/parasol-aser/tree 201605 690/RAJAGOPALAN-THESIS-2016.pdf tamu GitHub
https://github.com/pcdslab/gpu-pcc com,github)/pcdslab/gpu-pcc 201808 1350/LUSHERII-DISSERTATION-2018.pdf tamu GitHub
https://github.com/pdlfs/tablefs com,github)/pdlfs/tablefs 202108 21695/QIN-DISSERTATION-2021.pdf tamu GitHub
https://github.com/percyliang/brown-cluster com,github)/percyliang/brown-cluster 201708 1245/POLSLEY-THESIS-2017.pdf tamu GitHub
https://github.com/petablox/petablox-bench com,github)/petablox/petablox-bench 202008 950/LI-THESIS-2020.pdf tamu GitHub
https://github.com/peterwu19881230/analyze_multiple_ecoli_phenotypic_profiles com,github)/peterwu19881230/analyze_multiple_ecoli_phenotypic_profiles 202108 21592/WU-DISSERTATION-2021.pdf tamu GitHub
https://github.com/peterwu19881230/csce633_machine_learning com,github)/peterwu19881230/csce633_machine_learning 202108 21592/WU-DISSERTATION-2021.pdf tamu GitHub
https://github.com/peterwu19881230/microbialphenotypes com,github)/peterwu19881230/microbialphenotypes 202108 21592/WU-DISSERTATION-2021.pdf tamu GitHub
https://github.com/peterwu19881230/systematic-analyses-ecoli-phenotypes com,github)/peterwu19881230/systematic-analyses-ecoli-phenotypes 202108 21592/WU-DISSERTATION-2021.pdf tamu GitHub
https://github.com/pgmpy/pgmpy com,github)/pgmpy/pgmpy 201805 204/YAN-THESIS-2018.pdf tamu GitHub
https://github.com/pinformatics/hybridrl_code_and_models com,github)/pinformatics/hybridrl_code_and_models 202105 9015/RAMEZANIFOUKOLAYI-THESIS-2021.pdf tamu GitHub
https://github.com/pinghsieh/ns3-sim com,github)/pinghsieh/ns3-sim 201808 2084/HSIEH-DISSERTATION-2018.pdf tamu GitHub
https://github.com/pnnl/dhsvmpnnl/tree/master/createstreamnetwork_pythonv com,github)/pnnl/dhsvmpnnl/tree/master/createstreamnetwork_pythonv 201812 3046/SHAO-THESIS-2018.pdf tamu GitHub
https://github.com/pnnl/dhsvmpnnl/tree/master/createstreamnetwork_pythonv com,github)/pnnl/dhsvmpnnl/tree/master/createstreamnetwork_pythonv 201908 3203/HOLMES-THESIS-2019.pdf tamu GitHub
https://github.com/prabhasak/masters-thesis com,github)/prabhasak/masters-thesis 202012 18345/KALKUR-THESIS-2020.pdf tamu GitHub
https://github.com/prafulla77/event-coref-eacl-2021 com,github)/prafulla77/event-coref-eacl-2021 202105 1142/CHOUBEY-DISSERTATION-2021.pdf tamu GitHub
https://github.com/processing/processing/wiki/faq com,github)/processing/processing/wiki/faq 201512 14640/POTTER-THESIS-2015.pdf tamu GitHub
https://github.com/processing/processing/wiki/faq com,github)/processing/processing/wiki/faq 202108 14640/POTTER-THESIS-2015.pdf tamu GitHub
https://github.com/ptpd/ptpd com,github)/ptpd/ptpd 201708 4415/FLORES-MEATH-THESIS-2017.pdf tamu GitHub
https://github.com/pulseq/pulseq/blob/master/license com,github)/pulseq/pulseq/blob/master/license 201812 973/BAUER-THESIS-2018.pdf tamu GitHub
https://github.com/pytorch/vision/blob/master/torchvision/models/resnet.py com,github)/pytorch/vision/blob/master/torchvision/models/resnet.py 201608 19652/WANG-THESIS-2020.pdf tamu GitHub
https://github.com/pytorch/vision/blob/master/torchvision/models/resnet.py com,github)/pytorch/vision/blob/master/torchvision/models/resnet.py 202012 19652/WANG-THESIS-2020.pdf tamu GitHub
https://github.com/pywavelets/pywt com,github)/pywavelets/pywt 201908 6013/SHEN-THESIS-2019.pdf tamu GitHub
https://github.com/pywavelets/pywt com,github)/pywavelets/pywt 202105 13326/COATES-DISSERTATION-2021.pdf tamu GitHub
https://github.com/rambaut/figtree/releases com,github)/rambaut/figtree/releases 202012 492/HANCOCK-DISSERTATION-2020.pdf tamu GitHub
https://github.com/ramhiser/datamicroarray com,github)/ramhiser/datamicroarray 201605 2106/WANG-DISSERTATION-2018.pdf tamu GitHub
https://github.com/ramhiser/datamicroarray com,github)/ramhiser/datamicroarray 201808 2106/WANG-DISSERTATION-2018.pdf tamu GitHub
https://github.com/raypallavi/bnp-computations com,github)/raypallavi/bnp-computations 202108 21833/RAY-DISSERTATION-2021.pdf tamu GitHub
https://github.com/raypallavi/savs.git com,github)/raypallavi/savs.git 202108 21833/RAY-DISSERTATION-2021.pdf tamu GitHub
https://github.com/redis/hiredis com,github)/redis/hiredis 201508 17301/JUTURU-THESIS-2015.pdf tamu GitHub
https://github.com/reinforceio com,github)/reinforceio 201905 3992/RUMULY-THESIS-2019.pdf tamu GitHub
https://github.com/reinforceio/tensorforce com,github)/reinforceio/tensorforce 201905 20803/BHATTACHARYYA-DISSERTATION-2019.pdf tamu GitHub
https://github.com/richardbayes/bayes-cde com,github)/richardbayes/bayes-cde 201805 3652/PAYNE-DISSERTATION-2018.pdf tamu GitHub
https://github.com/richardcouperthwaite/barefoot-framework com,github)/richardcouperthwaite/barefoot-framework 202108 21857/COUPERTHWAITE-DISSERTATION-2021.pdf tamu GitHub
https://github.com/riscv/riscv-isa-sim com,github)/riscv/riscv-isa-sim 202012 18278/PERSYN-THESIS-2020.pdf tamu GitHub
https://github.com/rnorouzian/i/blob/master/i.r com,github)/rnorouzian/i/blob/master/i.r 201808 2171/NOROUZIAN-DISSERTATION-2018.pdf tamu GitHub
https://github.com/rnorouzian/i/blob/master/i.r com,github)/rnorouzian/i/blob/master/i.r 202105 2171/NOROUZIAN-DISSERTATION-2018.pdf tamu GitHub
https://github.com/robinst/frozen-bubble-android com,github)/robinst/frozen-bubble-android 201705 17926/PARNANDI-DISSERTATION-2017.pdf tamu GitHub
https://github.com/robjhyndman/forecast com,github)/robjhyndman/forecast 201608 21155/WEYMER-DISSERTATION-2016.pdf tamu GitHub
https://github.com/ros-perception/open_karto com,github)/ros-perception/open_karto 201805 3491/AGARWAL-DISSERTATION-2018.pdf tamu GitHub
https://github.com/rrwick/porechop com,github)/rrwick/porechop 201905 20710/RAMIREZ-THESIS-2019.pdf tamu GitHub
https://github.com/rrwick/porechop com,github)/rrwick/porechop 202005 18783/MCWILLIAMS-THESIS-2020.pdf tamu GitHub
https://github.com/rwenqi/multi-scale-cnn-dehazing com,github)/rwenqi/multi-scale-cnn-dehazing 202008 1599/YUAN-DISSERTATION-2020.pdf tamu GitHub
https://github.com/samtools/bcftools com,github)/samtools/bcftools 202112 18189/GONZALEZ-DISSERTATION-2021.pdf tamu GitHub
https://github.com/samtools/bcftools.git com,github)/samtools/bcftools.git 201708 4393/BENJAMIN-DISSERTATION-2017.pdf tamu GitHub
https://github.com/samtools/samtools com,github)/samtools/samtools 202112 5061/FOLCIK-DISSERTATION-2021.pdf tamu GitHub
https://github.com/samtools/samtools.git com,github)/samtools/samtools.git 201708 4393/BENJAMIN-DISSERTATION-2017.pdf tamu GitHub
https://github.com/sandialabs/interspec com,github)/sandialabs/interspec 202012 19762/BOYD-THESIS-2020.pdf tamu GitHub
https://github.com/sanger-pathogens/ariba com,github)/sanger-pathogens/ariba 202112 18189/GONZALEZ-DISSERTATION-2021.pdf tamu GitHub
https://github.com/saravarela/envsample com,github)/saravarela/envsample 201912 5104/CASTELLANOS-DISSERTATION-2019.pdf tamu GitHub
https://github.com/schumerlab/ancestryinfer com,github)/schumerlab/ancestryinfer 202112 15511/GARCIAOLAZABAL-DISSERTATION-2021.pdf tamu GitHub
https://github.com/scikit-learn/scikit-learn com,github)/scikit-learn/scikit-learn 201912 5151/GURUSHANTHAPPA-THESIS-2019.pdf tamu GitHub
https://github.com/scogswell/arduinoserialcommand com,github)/scogswell/arduinoserialcommand 201408 12203/BRENNAN-THESIS-2014.pdf tamu GitHub
https://github.com/semenovalex/trmf/blob/master/forecast.py com,github)/semenovalex/trmf/blob/master/forecast.py 201808 21828/KUMAR-THESIS-2021.pdf tamu GitHub
https://github.com/semenovalex/trmf/blob/master/forecast.py com,github)/semenovalex/trmf/blob/master/forecast.py 202108 21828/KUMAR-THESIS-2021.pdf tamu GitHub
https://github.com/semenovalex/trmf/blob/master/trmf.py com,github)/semenovalex/trmf/blob/master/trmf.py 201808 21828/KUMAR-THESIS-2021.pdf tamu GitHub
https://github.com/semenovalex/trmf/blob/master/trmf.py com,github)/semenovalex/trmf/blob/master/trmf.py 202108 21828/KUMAR-THESIS-2021.pdf tamu GitHub
https://github.com/sepero/searchbin com,github)/sepero/searchbin 201612 2824/KUMAR-THESIS-2016.pdf tamu GitHub
https://github.com/sfernando-baen/amp_project com,github)/sfernando-baen/amp_project 202112 18095/WANG-DISSERTATION-2021.pdf tamu GitHub
https://github.com/sfernando-baen/elixir-a com,github)/sfernando-baen/elixir-a 202112 18095/WANG-DISSERTATION-2021.pdf tamu GitHub
https://github.com/sfernando-baen/elixir-a/releases com,github)/sfernando-baen/elixir-a/releases 202112 18095/WANG-DISSERTATION-2021.pdf tamu GitHub
https://github.com/shaojinding/adversarial-many-to-many-vc com,github)/shaojinding/adversarial-many-to-many-vc 202105 18901/DING-DISSERTATION-2021.pdf tamu GitHub
https://github.com/sheffieldml/gpyopt com,github)/sheffieldml/gpyopt 202108 21880/FERGUSON-DISSERTATION-2021.pdf tamu GitHub
https://github.com/shivas/php-dijkstra com,github)/shivas/php-dijkstra 201508 13355/ALNOURI-DISSERTATION-2015.pdf tamu GitHub
https://github.com/sidooms/movietweetings,” com,github)/sidooms/movietweetings,%e2%80%9d 202105 2989/SONG-DISSERTATION-2021.pdf tamu GitHub
https://github.com/sidxz/inspec-handler com,github)/sidxz/inspec-handler 201708 1369/RATH-THESIS-2017.pdf tamu GitHub
https://github.com/sidxz/linuxtools com,github)/sidxz/linuxtools 201708 1369/RATH-THESIS-2017.pdf tamu GitHub
https://github.com/sidxz/openlab-chef-cookbooks com,github)/sidxz/openlab-chef-cookbooks 201708 1369/RATH-THESIS-2017.pdf tamu GitHub
https://github.com/sinamohseni/awesome-xai-evaluation com,github)/sinamohseni/awesome-xai-evaluation 202012 18286/MOHSENI-DISSERTATION-2020.pdf tamu GitHub
https://github.com/sinamohseni/ml-interpretability-evaluation-benchmark com,github)/sinamohseni/ml-interpretability-evaluation-benchmark 202012 18286/MOHSENI-DISSERTATION-2020.pdf tamu GitHub
https://github.com/sjtuprog/fox-news-comments com,github)/sjtuprog/fox-news-comments 201805 3502/GAO-THESIS-2018.pdf tamu GitHub
https://github.com/smithlabcode/preseq com,github)/smithlabcode/preseq 202112 5061/FOLCIK-DISSERTATION-2021.pdf tamu GitHub
https://github.com/socolofs/tamoc com,github)/socolofs/tamoc 201812 2956/JUN-DISSERTATION-2018.pdf tamu GitHub
https://github.com/socolofs/tamoc com,github)/socolofs/tamoc 201905 5212/DANIELS-THESIS-2019.pdf tamu GitHub
https://github.com/soedinglab/ccmpred/wiki/faq com,github)/soedinglab/ccmpred/wiki/faq 201812 4152/WU-THESIS-2018.pdf tamu GitHub
https://github.com/song3134/cvrcf com,github)/song3134/cvrcf 202105 2989/SONG-DISSERTATION-2021.pdf tamu GitHub
https://github.com/soumith/ganhacks com,github)/soumith/ganhacks 202112 9477/LIANG-DISSERTATION-2021.pdf tamu GitHub
https://github.com/spflanagan/popgen.git com,github)/spflanagan/popgen.git 201608 1693/FLANAGAN-DISSERTATION-2016.pdf tamu GitHub
https://github.com/spflanagan/sca.git com,github)/spflanagan/sca.git 201608 1693/FLANAGAN-DISSERTATION-2016.pdf tamu GitHub
https://github.com/splichte/lsi com,github)/splichte/lsi 201405 4230/LIU-DISSERTATION-2019.pdf tamu GitHub
https://github.com/splichte/lsi com,github)/splichte/lsi 201905 4230/LIU-DISSERTATION-2019.pdf tamu GitHub
https://github.com/standage/genhub com,github)/standage/genhub 201812 4050/BROWNE-DISSERTATION-2018.pdf tamu GitHub
https://github.com/statsmaths/genlasso com,github)/statsmaths/genlasso 201712 1587/REN-DISSERTATION-2017.pdf tamu GitHub
https://github.com/statsmaths/glmgen com,github)/statsmaths/glmgen 201712 1587/REN-DISSERTATION-2017.pdf tamu GitHub
https://github.com/sunnyisgalaxy/moabs com,github)/sunnyisgalaxy/moabs 202108 21645/ZHANG-DISSERTATION-2021.pdf tamu GitHub
https://github.com/sunnyisgalaxy/moabs com,github)/sunnyisgalaxy/moabs 202108 21855/YIN-DISSERTATION-2021.pdf tamu GitHub
https://github.com/syworks/waidps com,github)/syworks/waidps 201905 20633/ALTAWEEL-DISSERTATION-2019.pdf tamu GitHub
https://github.com/taiyun/corrplot com,github)/taiyun/corrplot 201612 20348/CHEN-DISSERTATION-2016.pdf tamu GitHub
https://github.com/tensorflow/tensorflow com,github)/tensorflow/tensorflow 201605 1960/GUO-DISSERTATION-2017.pdf tamu GitHub
https://github.com/tensorflow/tensorflow com,github)/tensorflow/tensorflow 201712 1960/GUO-DISSERTATION-2017.pdf tamu GitHub
https://github.com/tensorflow/tensorflow com,github)/tensorflow/tensorflow 201912 5151/GURUSHANTHAPPA-THESIS-2019.pdf tamu GitHub
https://github.com/tgac/kat com,github)/tgac/kat 201812 4050/BROWNE-DISSERTATION-2018.pdf tamu GitHub
https://github.com/tianyili2017/cph com,github)/tianyili2017/cph 202112 3402/CHEN-THESIS-2021.pdf tamu GitHub
https://github.com/timothyhyndman/deconvolve com,github)/timothyhyndman/deconvolve 202008 1254/ZHOU-DISSERTATION-2020.pdf tamu GitHub
https://github.com/tjunlp/ttmf com,github)/tjunlp/ttmf 202108 21555/LIU-THESIS-2021.pdf tamu GitHub
https://github.com/tmbdev/ocropy com,github)/tmbdev/ocropy 201705 4691/POMPILIO-THESIS-2017.pdf tamu GitHub
https://github.com/toblerity/shapely com,github)/toblerity/shapely 201605 451/GHADDAR-DISSERTATION-2019.pdf tamu GitHub
https://github.com/toblerity/shapely com,github)/toblerity/shapely 201912 451/GHADDAR-DISSERTATION-2019.pdf tamu GitHub
https://github.com/tomkellygenetics/vioplot com,github)/tomkellygenetics/vioplot 202005 2627/HILLIARD-DISSERTATION-2020.pdf tamu GitHub
https://github.com/topmodlab/unfolding com,github)/topmodlab/unfolding 201705 17830/WU-THESIS-2017.pdf tamu GitHub
https://github.com/torvalds/linux/tree/master/tools/perf com,github)/torvalds/linux/tree/master/tools/perf 201912 21981/HUANG-DISSERTATION-2019.pdf tamu GitHub
https://github.com/transdecoder com,github)/transdecoder 202012 18360/LI-DISSERTATION-2020.pdf tamu GitHub
https://github.com/trinityrnaseq/trinityrnaseq/wiki/running-trinity com,github)/trinityrnaseq/trinityrnaseq/wiki/running-trinity 201808 2547/ACI-THESIS-2018.pdf tamu GitHub
https://github.com/triplenetcodes/triplenet.git com,github)/triplenetcodes/triplenet.git 202108 21555/LIU-THESIS-2021.pdf tamu GitHub
https://github.com/tseemann/abricate com,github)/tseemann/abricate 201912 22062/LEVENT-DISSERTATION-2019.pdf tamu GitHub
https://github.com/tseemann/abricate com,github)/tseemann/abricate 202112 18189/GONZALEZ-DISSERTATION-2021.pdf tamu GitHub
https://github.com/tseemann/mlst com,github)/tseemann/mlst 202112 18189/GONZALEZ-DISSERTATION-2021.pdf tamu GitHub
https://github.com/tseemann/prokka com,github)/tseemann/prokka 202005 18783/MCWILLIAMS-THESIS-2020.pdf tamu GitHub
https://github.com/ttrouill/complex com,github)/ttrouill/complex 202108 21555/LIU-THESIS-2021.pdf tamu GitHub
https://github.com/tum-vision/dvo com,github)/tum-vision/dvo 202012 424/KARTIKPRAKASH-THESIS-2020.pdf tamu GitHub
https://github.com/uf-reef-avl/reef_estimator_bundle com,github)/uf-reef-avl/reef_estimator_bundle 202008 4058/RAMOSZUNIGA-DISSERTATION-2020.pdf tamu GitHub
https://github.com/unmannedlab/decawave_ros com,github)/unmannedlab/decawave_ros 202012 18489/HARTZER-THESIS-2020.pdf tamu GitHub
https://github.com/unmannedlab/ubxtranslator com,github)/unmannedlab/ubxtranslator 202012 18489/HARTZER-THESIS-2020.pdf tamu GitHub
https://github.com/vba-tools/vba-json com,github)/vba-tools/vba-json 201705 4802/HUSSEY-THESIS-2017.pdf tamu GitHub
https://github.com/vcflib/vcflib com,github)/vcflib/vcflib 201912 22062/LEVENT-DISSERTATION-2019.pdf tamu GitHub
https://github.com/vegavk/cacc_tamu com,github)/vegavk/cacc_tamu 202112 4092/VEGAMOOR-DISSERTATION-2021.pdf tamu GitHub
https://github.com/vegavk/flir_adk_multi com,github)/vegavk/flir_adk_multi 202112 4092/VEGAMOOR-DISSERTATION-2021.pdf tamu GitHub
https://github.com/verifiableautonomy/torcslink com,github)/verifiableautonomy/torcslink 202108 21741/VENKATESAN-THESIS-2021.pdf tamu GitHub
https://github.com/vgraphrnn/vgrnn com,github)/vgraphrnn/vgrnn 202105 9566/HAJIRAMEZANALI-DISSERTATION-2021.pdf tamu GitHub
https://github.com/wala/wala com,github)/wala/wala 201912 21981/HUANG-DISSERTATION-2019.pdf tamu GitHub
https://github.com/wala/wala/wiki/intermediate-representation-(ir) com,github)/wala/wala/wiki/intermediate-representation-(ir) 201905 1659/LIU-THESIS-2019.pdf tamu GitHub
https://github.com/wala/wala/wiki/intermediate-representation-(ir) com,github)/wala/wala/wiki/intermediate-representation-(ir) 202005 1659/LIU-THESIS-2019.pdf tamu GitHub
https://github.com/wiire-a/pixiewps com,github)/wiire-a/pixiewps 201905 20633/ALTAWEEL-DISSERTATION-2019.pdf tamu GitHub
https://github.com/willkoehrsen/feature-selector com,github)/willkoehrsen/feature-selector 202012 19536/WANG-DISSERTATION-2020.pdf tamu GitHub
https://github.com/wkentaro/labelme com,github)/wkentaro/labelme 202105 17164/XIE-THESIS-2021.pdf tamu GitHub
https://github.com/wltsai/main-term.git com,github)/wltsai/main-term.git 201705 10028/KHAOCHIM-DISSERTATION-2021.pdf tamu GitHub
https://github.com/wltsai/main-term.git com,github)/wltsai/main-term.git 202105 10028/KHAOCHIM-DISSERTATION-2021.pdf tamu GitHub
https://github.com/wzlxjtu/pdf2latex-dataset com,github)/wzlxjtu/pdf2latex-dataset 202012 19564/WANG-DISSERTATION-2020.pdf tamu GitHub
https://github.com/xb00dx com,github)/xb00dx 202112 31/AL-QAHTANI-THESIS-2021.pdf tamu GitHub
https://github.com/xb00dx/convertchanceconstraint-ccc com,github)/xb00dx/convertchanceconstraint-ccc 201912 441/GENG-DISSERTATION-2019.pdf tamu GitHub
https://github.com/xen-project/xen com,github)/xen-project/xen 202008 848/KANMANTHAREDDY-THESIS-2020.pdf tamu GitHub
https://github.com/xuemaryyu/qrt-pcr-f0-calculation com,github)/xuemaryyu/qrt-pcr-f0-calculation 201808 2089/YU-DISSERTATION-2018.pdf tamu GitHub
https://github.com/xujiacong/paa-pso com,github)/xujiacong/paa-pso 202112 17867/XU-THESIS-2021.pdf tamu GitHub
https://github.com/yinliangze com,github)/yinliangze 202105 18411/SUN-THESIS-2021.pdf tamu GitHub
https://github.com/yinliangze com,github)/yinliangze 202105 9539/SUN-THESIS-2021.pdf tamu GitHub
https://github.com/yuhaowang2018/machine_learning_approach_to_iron_based_soft_magnetic_nanocrystalline_materials_design com,github)/yuhaowang2018/machine_learning_approach_to_iron_based_soft_magnetic_nanocrystalline_materials_design 202012 19536/WANG-DISSERTATION-2020.pdf tamu GitHub
https://github.com/yzhao062/pyod/blob/master/pyod/models/iforest.py com,github)/yzhao062/pyod/blob/master/pyod/models/iforest.py 201808 21828/KUMAR-THESIS-2021.pdf tamu GitHub
https://github.com/yzhao062/pyod/blob/master/pyod/models/iforest.py com,github)/yzhao062/pyod/blob/master/pyod/models/iforest.py 202108 21828/KUMAR-THESIS-2021.pdf tamu GitHub
https://github.com/yzhao062/pyod/blob/master/pyod/models/ocsvm.py com,github)/yzhao062/pyod/blob/master/pyod/models/ocsvm.py 201808 21828/KUMAR-THESIS-2021.pdf tamu GitHub
https://github.com/yzhao062/pyod/blob/master/pyod/models/ocsvm.py com,github)/yzhao062/pyod/blob/master/pyod/models/ocsvm.py 202108 21828/KUMAR-THESIS-2021.pdf tamu GitHub
https://github.com/zflin/mira com,github)/zflin/mira 201905 20709/LIN-DISSERTATION-2019.pdf tamu GitHub
https://github.com/zhengyuguo/deepclip com,github)/zhengyuguo/deepclip 201605 1960/GUO-DISSERTATION-2017.pdf tamu GitHub
https://github.com/zhengyuguo/deepclip com,github)/zhengyuguo/deepclip 201712 1960/GUO-DISSERTATION-2017.pdf tamu GitHub
https://github.com/zhouhj1994 com,github)/zhouhj1994 202105 1607/ZHOU-DISSERTATION-2021.pdf tamu GitHub
https://github.com/zhoutl1106/zerasure com,github)/zhoutl1106/zerasure 202005 3130/ZHOU-DISSERTATION-2020.pdf tamu GitHub
https://github.com/zhuoersun/missing-data com,github)/zhuoersun/missing-data 201808 2069/SUN-DISSERTATION-2018.pdf tamu GitHub
https://www.github.com/ekwan/pyquiver com,github)/ekwan/pyquiver 201808 17701/HYUN-DISSERTATION-2021.pdf tamu GitHub
https://www.github.com/ekwan/pyquiver com,github)/ekwan/pyquiver 202105 17701/HYUN-DISSERTATION-2021.pdf tamu GitHub
https://www.github.com/juliema/publications com,github)/juliema/publications 201708 1262/CATANACH-DISSERTATION-2017.pdf tamu GitHub
https://www.github.com/mulletlab/sorghum-energy-crop-model com,github)/mulletlab/sorghum-energy-crop-model 201705 17763/TRUONG-DISSERTATION-2017.pdf tamu GitHub
https://www.github.com/sidxz com,github)/sidxz 201708 1369/RATH-THESIS-2017.pdf tamu GitHub
https://www.github.com/transdecoder/transdecoder/wiki com,github)/transdecoder/transdecoder/wiki 202112 3584/LANDA-THESIS-2021.pdf tamu GitHub
